canonical_composer,canonical_title,split,year,midi_filename,audio_filename,duration,era
Domenico Scarlatti,Sonata K. 466,train,2008,midi/baroque/BAR_001_Domenico_Scarlatti_Sonata_K_466.midi,audio/baroque/BAR_001_Domenico_Scarlatti_Sonata_K_466.wav,121.19,Baroque
Domenico Scarlatti,Sonata K. 525,train,2008,midi/baroque/BAR_002_Domenico_Scarlatti_Sonata_K_525.midi,audio/baroque/BAR_002_Domenico_Scarlatti_Sonata_K_525.wav,65.95,Baroque
Domenico Scarlatti,Sonata K. 54,train,2008,midi/baroque/BAR_003_Domenico_Scarlatti_Sonata_K_54.midi,audio/baroque/BAR_003_Domenico_Scarlatti_Sonata_K_54.wav,205.77,Baroque
Domenico Scarlatti,"Sonata in A Major, K. 208",train,2014,midi/baroque/BAR_004_Domenico_Scarlatti_Sonata_in_A_Major_K_208.midi,audio/baroque/BAR_004_Domenico_Scarlatti_Sonata_in_A_Major_K_208.wav,146.68,Baroque
Domenico Scarlatti,"Sonata in B Minor, K. 197",train,2009,midi/baroque/BAR_005_Domenico_Scarlatti_Sonata_in_B_Minor_K_197.midi,audio/baroque/BAR_005_Domenico_Scarlatti_Sonata_in_B_Minor_K_197.wav,298.06,Baroque
Domenico Scarlatti,"Sonata in B Minor, K. 27",train,2009,midi/baroque/BAR_006_Domenico_Scarlatti_Sonata_in_B_Minor_K_27.midi,audio/baroque/BAR_006_Domenico_Scarlatti_Sonata_in_B_Minor_K_27.wav,95.02,Baroque
Domenico Scarlatti,"Sonata in B Minor, K. 87",train,2018,midi/baroque/BAR_007_Domenico_Scarlatti_Sonata_in_B_Minor_K_87.midi,audio/baroque/BAR_007_Domenico_Scarlatti_Sonata_in_B_Minor_K_87.wav,294.08,Baroque
Domenico Scarlatti,"Sonata in B Minor, K. 87",validation,2014,midi/baroque/BAR_008_Domenico_Scarlatti_Sonata_in_B_Minor_K_87.midi,audio/baroque/BAR_008_Domenico_Scarlatti_Sonata_in_B_Minor_K_87.wav,317.4,Baroque
Domenico Scarlatti,"Sonata in B Minor, L. 33",validation,2009,midi/baroque/BAR_009_Domenico_Scarlatti_Sonata_in_B_Minor_L_33.midi,audio/baroque/BAR_009_Domenico_Scarlatti_Sonata_in_B_Minor_L_33.wav,167.32,Baroque
Domenico Scarlatti,"Sonata in C Major, K. 132",train,2014,midi/baroque/BAR_010_Domenico_Scarlatti_Sonata_in_C_Major_K_132.midi,audio/baroque/BAR_010_Domenico_Scarlatti_Sonata_in_C_Major_K_132.wav,241.69,Baroque
Domenico Scarlatti,"Sonata in C Major, K. 179",train,2009,midi/baroque/BAR_011_Domenico_Scarlatti_Sonata_in_C_Major_K_179.midi,audio/baroque/BAR_011_Domenico_Scarlatti_Sonata_in_C_Major_K_179.wav,132.73,Baroque
Domenico Scarlatti,"Sonata in C Major, K. 513",test,2014,midi/baroque/BAR_012_Domenico_Scarlatti_Sonata_in_C_Major_K_513.midi,audio/baroque/BAR_012_Domenico_Scarlatti_Sonata_in_C_Major_K_513.wav,174.21,Baroque
Domenico Scarlatti,"Sonata in C Minor, K. 84",validation,2014,midi/baroque/BAR_013_Domenico_Scarlatti_Sonata_in_C_Minor_K_84.midi,audio/baroque/BAR_013_Domenico_Scarlatti_Sonata_in_C_Minor_K_84.wav,79.74,Baroque
Domenico Scarlatti,"Sonata in D Major, K. 118",train,2014,midi/baroque/BAR_014_Domenico_Scarlatti_Sonata_in_D_Major_K_118.midi,audio/baroque/BAR_014_Domenico_Scarlatti_Sonata_in_D_Major_K_118.wav,136.68,Baroque
Domenico Scarlatti,"Sonata in D Major, K. 119",test,2009,midi/baroque/BAR_015_Domenico_Scarlatti_Sonata_in_D_Major_K_119.midi,audio/baroque/BAR_015_Domenico_Scarlatti_Sonata_in_D_Major_K_119.wav,136.35,Baroque
Domenico Scarlatti,"Sonata in D Major, K. 145",validation,2014,midi/baroque/BAR_016_Domenico_Scarlatti_Sonata_in_D_Major_K_145.midi,audio/baroque/BAR_016_Domenico_Scarlatti_Sonata_in_D_Major_K_145.wav,205.85,Baroque
Domenico Scarlatti,"Sonata in D Major, K. 430",train,2014,midi/baroque/BAR_017_Domenico_Scarlatti_Sonata_in_D_Major_K_430.midi,audio/baroque/BAR_017_Domenico_Scarlatti_Sonata_in_D_Major_K_430.wav,170.51,Baroque
Domenico Scarlatti,"Sonata in D Major, K. 576",train,2009,midi/baroque/BAR_018_Domenico_Scarlatti_Sonata_in_D_Major_K_576.midi,audio/baroque/BAR_018_Domenico_Scarlatti_Sonata_in_D_Major_K_576.wav,788.93,Baroque
Domenico Scarlatti,"Sonata in D Major, K. 96 L. 465",train,2008,midi/baroque/BAR_019_Domenico_Scarlatti_Sonata_in_D_Major_K_96_L_.midi,audio/baroque/BAR_019_Domenico_Scarlatti_Sonata_in_D_Major_K_96_L_.wav,138.77,Baroque
Domenico Scarlatti,"Sonata in D Major, K96",train,2018,midi/baroque/BAR_020_Domenico_Scarlatti_Sonata_in_D_Major_K96.midi,audio/baroque/BAR_020_Domenico_Scarlatti_Sonata_in_D_Major_K96.wav,140.12,Baroque
Domenico Scarlatti,"Sonata in D Minor, K. 1",train,2014,midi/baroque/BAR_021_Domenico_Scarlatti_Sonata_in_D_Minor_K_1.midi,audio/baroque/BAR_021_Domenico_Scarlatti_Sonata_in_D_Minor_K_1.wav,139.01,Baroque
Domenico Scarlatti,"Sonata in D Minor, K. 141",train,2018,midi/baroque/BAR_022_Domenico_Scarlatti_Sonata_in_D_Minor_K_141.midi,audio/baroque/BAR_022_Domenico_Scarlatti_Sonata_in_D_Minor_K_141.wav,194.77,Baroque
Domenico Scarlatti,"Sonata in D Minor, K. 141",train,2014,midi/baroque/BAR_023_Domenico_Scarlatti_Sonata_in_D_Minor_K_141.midi,audio/baroque/BAR_023_Domenico_Scarlatti_Sonata_in_D_Minor_K_141.wav,201.39,Baroque
Domenico Scarlatti,"Sonata in D Minor, K. 213",train,2018,midi/baroque/BAR_024_Domenico_Scarlatti_Sonata_in_D_Minor_K_213.midi,audio/baroque/BAR_024_Domenico_Scarlatti_Sonata_in_D_Minor_K_213.wav,214.7,Baroque
Domenico Scarlatti,"Sonata in D Minor, K. 9",train,2014,midi/baroque/BAR_025_Domenico_Scarlatti_Sonata_in_D_Minor_K_9.midi,audio/baroque/BAR_025_Domenico_Scarlatti_Sonata_in_D_Minor_K_9.wav,217.82,Baroque
Domenico Scarlatti,"Sonata in D Minor, K. 9 L. 413",train,2008,midi/baroque/BAR_026_Domenico_Scarlatti_Sonata_in_D_Minor_K_9_L_4.midi,audio/baroque/BAR_026_Domenico_Scarlatti_Sonata_in_D_Minor_K_9_L_4.wav,95.97,Baroque
Domenico Scarlatti,"Sonata in F Minor, K. 466",train,2017,midi/baroque/BAR_027_Domenico_Scarlatti_Sonata_in_F_Minor_K_466.midi,audio/baroque/BAR_027_Domenico_Scarlatti_Sonata_in_F_Minor_K_466.wav,239.78,Baroque
Domenico Scarlatti,"Sonata in G Major, K. 146",train,2009,midi/baroque/BAR_028_Domenico_Scarlatti_Sonata_in_G_Major_K_146.midi,audio/baroque/BAR_028_Domenico_Scarlatti_Sonata_in_G_Major_K_146.wav,143.52,Baroque
Domenico Scarlatti,"Sonata in G Major, K. 455",train,2017,midi/baroque/BAR_029_Domenico_Scarlatti_Sonata_in_G_Major_K_455.midi,audio/baroque/BAR_029_Domenico_Scarlatti_Sonata_in_G_Major_K_455.wav,96.39,Baroque
Domenico Scarlatti,"Sonata, K239",train,2004,midi/baroque/BAR_030_Domenico_Scarlatti_Sonata_K239.midi,audio/baroque/BAR_030_Domenico_Scarlatti_Sonata_K239.wav,196.02,Baroque
Domenico Scarlatti,Two Sonatas,train,2006,midi/baroque/BAR_031_Domenico_Scarlatti_Two_Sonatas.midi,audio/baroque/BAR_031_Domenico_Scarlatti_Two_Sonatas.wav,373.61,Baroque
George Frideric Handel,Chaconne in G,train,2009,midi/baroque/BAR_032_George_Frideric_Handel_Chaconne_in_G.midi,audio/baroque/BAR_032_George_Frideric_Handel_Chaconne_in_G.wav,329.03,Baroque
George Frideric Handel,"Chaconne in G Major, HWV 435",train,2018,midi/baroque/BAR_033_George_Frideric_Handel_Chaconne_in_G_Major_HWV_4.midi,audio/baroque/BAR_033_George_Frideric_Handel_Chaconne_in_G_Major_HWV_4.wav,328.9,Baroque
George Frideric Handel,"Suite No. 2 in F Major, HWV 427 (Complete)",train,2017,midi/baroque/BAR_034_George_Frideric_Handel_Suite_No_2_in_F_Major_HWV.midi,audio/baroque/BAR_034_George_Frideric_Handel_Suite_No_2_in_F_Major_HWV.wav,453.09,Baroque
George Frideric Handel,Suite No. 3 in D Minor,train,2004,midi/baroque/BAR_035_George_Frideric_Handel_Suite_No_3_in_D_Minor.midi,audio/baroque/BAR_035_George_Frideric_Handel_Suite_No_3_in_D_Minor.wav,720.09,Baroque
George Frideric Handel,Suite No. 3 in D Minor,train,2009,midi/baroque/BAR_036_George_Frideric_Handel_Suite_No_3_in_D_Minor.midi,audio/baroque/BAR_036_George_Frideric_Handel_Suite_No_3_in_D_Minor.wav,856.08,Baroque
Henry Purcell,"Suite in C Major, Z. 666 (Complete)",train,2014,midi/baroque/BAR_037_Henry_Purcell_Suite_in_C_Major_Z_666_Co.midi,audio/baroque/BAR_037_Henry_Purcell_Suite_in_C_Major_Z_666_Co.wav,538.8,Baroque
Jean-Philippe Rameau,RameauSelections,train,2006,midi/baroque/BAR_038_Jean-Philippe_Rameau_RameauSelections.midi,audio/baroque/BAR_038_Jean-Philippe_Rameau_RameauSelections.wav,334.85,Baroque
Johann Pachelbel,Chaconne in F Minor,validation,2008,midi/baroque/BAR_039_Johann_Pachelbel_Chaconne_in_F_Minor.midi,audio/baroque/BAR_039_Johann_Pachelbel_Chaconne_in_F_Minor.wav,172.97,Baroque
Johann Sebastian Bach,"Chromatic Fantasy and Fugue in D Minor, BWV 903",train,2018,midi/baroque/BAR_040_Johann_Sebastian_Bach_Chromatic_Fantasy_and_Fug.midi,audio/baroque/BAR_040_Johann_Sebastian_Bach_Chromatic_Fantasy_and_Fug.wav,636.46,Baroque
Johann Sebastian Bach,"Chromatic Fantasy and Fugue in D Minor, BWV 903",train,2014,midi/baroque/BAR_041_Johann_Sebastian_Bach_Chromatic_Fantasy_and_Fug.midi,audio/baroque/BAR_041_Johann_Sebastian_Bach_Chromatic_Fantasy_and_Fug.wav,738.03,Baroque
Johann Sebastian Bach,"Chromatic Fantasy and Fugue in D Minor, BWV 903",test,2015,midi/baroque/BAR_042_Johann_Sebastian_Bach_Chromatic_Fantasy_and_Fug.midi,audio/baroque/BAR_042_Johann_Sebastian_Bach_Chromatic_Fantasy_and_Fug.wav,711.3,Baroque
Johann Sebastian Bach,"Duet in E Minor, BWV 802",train,2009,midi/baroque/BAR_043_Johann_Sebastian_Bach_Duet_in_E_Minor_BWV_802.midi,audio/baroque/BAR_043_Johann_Sebastian_Bach_Duet_in_E_Minor_BWV_802.wav,131.83,Baroque
Johann Sebastian Bach,"Duet in G, BWV 804",train,2009,midi/baroque/BAR_044_Johann_Sebastian_Bach_Duet_in_G_BWV_804.midi,audio/baroque/BAR_044_Johann_Sebastian_Bach_Duet_in_G_BWV_804.wav,125.19,Baroque
Johann Sebastian Bach,"English Suite No. 2  in A Minor, BWV 807, I. Prelude",train,2015,midi/baroque/BAR_045_Johann_Sebastian_Bach_English_Suite_No_2_in_A_M.midi,audio/baroque/BAR_045_Johann_Sebastian_Bach_English_Suite_No_2_in_A_M.wav,285.8,Baroque
Johann Sebastian Bach,"English Suite in A Minor, BWV 807",test,2018,midi/baroque/BAR_046_Johann_Sebastian_Bach_English_Suite_in_A_Minor_.midi,audio/baroque/BAR_046_Johann_Sebastian_Bach_English_Suite_in_A_Minor_.wav,1324.78,Baroque
Johann Sebastian Bach,"English Suite in A Minor, BWV 807",train,2013,midi/baroque/BAR_047_Johann_Sebastian_Bach_English_Suite_in_A_Minor_.midi,audio/baroque/BAR_047_Johann_Sebastian_Bach_English_Suite_in_A_Minor_.wav,821.34,Baroque
Johann Sebastian Bach,"English Suite no. 3 in G Minor, Prelude",train,2008,midi/baroque/BAR_048_Johann_Sebastian_Bach_English_Suite_no_3_in_G_M.midi,audio/baroque/BAR_048_Johann_Sebastian_Bach_English_Suite_no_3_in_G_M.wav,168.86,Baroque
Johann Sebastian Bach,French Suite No. 5 in G Major,train,2004,midi/baroque/BAR_049_Johann_Sebastian_Bach_French_Suite_No_5_in_G_Ma.midi,audio/baroque/BAR_049_Johann_Sebastian_Bach_French_Suite_No_5_in_G_Ma.wav,968.26,Baroque
Johann Sebastian Bach,French Suite No. 5 in G Major,train,2004,midi/baroque/BAR_050_Johann_Sebastian_Bach_French_Suite_No_5_in_G_Ma.midi,audio/baroque/BAR_050_Johann_Sebastian_Bach_French_Suite_No_5_in_G_Ma.wav,792.52,Baroque
Johann Sebastian Bach,French Suite No. 5 in G Major,train,2004,midi/baroque/BAR_051_Johann_Sebastian_Bach_French_Suite_No_5_in_G_Ma.midi,audio/baroque/BAR_051_Johann_Sebastian_Bach_French_Suite_No_5_in_G_Ma.wav,130.61,Baroque
Johann Sebastian Bach,"Italian Concerto in F Major, BWV 971 (Complete)",validation,2014,midi/baroque/BAR_052_Johann_Sebastian_Bach_Italian_Concerto_in_F_Maj.midi,audio/baroque/BAR_052_Johann_Sebastian_Bach_Italian_Concerto_in_F_Maj.wav,784.86,Baroque
Johann Sebastian Bach,"Italian Concerto, BWV 971",train,2018,midi/baroque/BAR_053_Johann_Sebastian_Bach_Italian_Concerto_BWV_971.midi,audio/baroque/BAR_053_Johann_Sebastian_Bach_Italian_Concerto_BWV_971.wav,732.79,Baroque
Johann Sebastian Bach,"Italian Concerto, BWV 971 (Complete)",train,2015,midi/baroque/BAR_054_Johann_Sebastian_Bach_Italian_Concerto_BWV_971_.midi,audio/baroque/BAR_054_Johann_Sebastian_Bach_Italian_Concerto_BWV_971_.wav,771.03,Baroque
Johann Sebastian Bach,"Overture in the French Style in B Minor, BWV 831",train,2013,midi/baroque/BAR_055_Johann_Sebastian_Bach_Overture_in_the_French_St.midi,audio/baroque/BAR_055_Johann_Sebastian_Bach_Overture_in_the_French_St.wav,442.83,Baroque
Johann Sebastian Bach,"Partita No. 1 in B-Flat Major, BWV 825 (Complete)",train,2014,midi/baroque/BAR_056_Johann_Sebastian_Bach_Partita_No_1_in_B-Flat_Ma.midi,audio/baroque/BAR_056_Johann_Sebastian_Bach_Partita_No_1_in_B-Flat_Ma.wav,951.54,Baroque
Johann Sebastian Bach,"Partita No. 2 in C Minor, I. Sinfonia",train,2013,midi/baroque/BAR_057_Johann_Sebastian_Bach_Partita_No_2_in_C_Minor_I.midi,audio/baroque/BAR_057_Johann_Sebastian_Bach_Partita_No_2_in_C_Minor_I.wav,265.77,Baroque
Johann Sebastian Bach,"Partita No. 4 in D Major, BWV 828",train,2018,midi/baroque/BAR_058_Johann_Sebastian_Bach_Partita_No_4_in_D_Major_B.midi,audio/baroque/BAR_058_Johann_Sebastian_Bach_Partita_No_4_in_D_Major_B.wav,1091.69,Baroque
Johann Sebastian Bach,Partita No. 6 in E Minor,validation,2009,midi/baroque/BAR_059_Johann_Sebastian_Bach_Partita_No_6_in_E_Minor.midi,audio/baroque/BAR_059_Johann_Sebastian_Bach_Partita_No_6_in_E_Minor.wav,1286.68,Baroque
Johann Sebastian Bach,"Partita in C Minor, BWV 826",train,2014,midi/baroque/BAR_060_Johann_Sebastian_Bach_Partita_in_C_Minor_BWV_82.midi,audio/baroque/BAR_060_Johann_Sebastian_Bach_Partita_in_C_Minor_BWV_82.wav,1133.66,Baroque
Johann Sebastian Bach,Prelude & Fugue,validation,2006,midi/baroque/BAR_061_Johann_Sebastian_Bach_Prelude_Fugue.midi,audio/baroque/BAR_061_Johann_Sebastian_Bach_Prelude_Fugue.wav,452.43,Baroque
Johann Sebastian Bach,Prelude & Fugue,train,2006,midi/baroque/BAR_062_Johann_Sebastian_Bach_Prelude_Fugue.midi,audio/baroque/BAR_062_Johann_Sebastian_Bach_Prelude_Fugue.wav,290.67,Baroque
Johann Sebastian Bach,"Prelude & Fugue in B flat minor, Book I, BWV 867",train,2013,midi/baroque/BAR_063_Johann_Sebastian_Bach_Prelude_Fugue_in_B_flat_m.midi,audio/baroque/BAR_063_Johann_Sebastian_Bach_Prelude_Fugue_in_B_flat_m.wav,323.02,Baroque
Johann Sebastian Bach,"Prelude & Fugue in G Minor, WTK II",train,2004,midi/baroque/BAR_064_Johann_Sebastian_Bach_Prelude_Fugue_in_G_Minor_.midi,audio/baroque/BAR_064_Johann_Sebastian_Bach_Prelude_Fugue_in_G_Minor_.wav,311.73,Baroque
Johann Sebastian Bach,"Prelude and Fuge in G-sharp Minor, WTC I, BWV 863",train,2011,midi/baroque/BAR_065_Johann_Sebastian_Bach_Prelude_and_Fuge_in_G-sha.midi,audio/baroque/BAR_065_Johann_Sebastian_Bach_Prelude_and_Fuge_in_G-sha.wav,297.52,Baroque
Johann Sebastian Bach,"Prelude and Fugue in  F-sharp Major, WTC I , BWV 858",train,2015,midi/baroque/BAR_066_Johann_Sebastian_Bach_Prelude_and_Fugue_in_F-sh.midi,audio/baroque/BAR_066_Johann_Sebastian_Bach_Prelude_and_Fugue_in_F-sh.wav,227.34,Baroque
Johann Sebastian Bach,"Prelude and Fugue in A Major, WTC I, BWV 864",train,2015,midi/baroque/BAR_067_Johann_Sebastian_Bach_Prelude_and_Fugue_in_A_Ma.midi,audio/baroque/BAR_067_Johann_Sebastian_Bach_Prelude_and_Fugue_in_A_Ma.wav,211.64,Baroque
Johann Sebastian Bach,"Prelude and Fugue in A Major, WTC II, BWV 888",test,2015,midi/baroque/BAR_068_Johann_Sebastian_Bach_Prelude_and_Fugue_in_A_Ma.midi,audio/baroque/BAR_068_Johann_Sebastian_Bach_Prelude_and_Fugue_in_A_Ma.wav,173.61,Baroque
Johann Sebastian Bach,"Prelude and Fugue in A Minor, WTC I, BWV 865",train,2011,midi/baroque/BAR_069_Johann_Sebastian_Bach_Prelude_and_Fugue_in_A_Mi.midi,audio/baroque/BAR_069_Johann_Sebastian_Bach_Prelude_and_Fugue_in_A_Mi.wav,316.25,Baroque
Johann Sebastian Bach,"Prelude and Fugue in A Minor, WTC I, BWV 865",train,2011,midi/baroque/BAR_070_Johann_Sebastian_Bach_Prelude_and_Fugue_in_A_Mi.midi,audio/baroque/BAR_070_Johann_Sebastian_Bach_Prelude_and_Fugue_in_A_Mi.wav,303.24,Baroque
Johann Sebastian Bach,"Prelude and Fugue in A Minor, WTC I, BWV 865",train,2017,midi/baroque/BAR_071_Johann_Sebastian_Bach_Prelude_and_Fugue_in_A_Mi.midi,audio/baroque/BAR_071_Johann_Sebastian_Bach_Prelude_and_Fugue_in_A_Mi.wav,309.23,Baroque
Johann Sebastian Bach,"Prelude and Fugue in A Minor, WTC II,  BWV 889",train,2011,midi/baroque/BAR_072_Johann_Sebastian_Bach_Prelude_and_Fugue_in_A_Mi.midi,audio/baroque/BAR_072_Johann_Sebastian_Bach_Prelude_and_Fugue_in_A_Mi.wav,241.38,Baroque
Johann Sebastian Bach,"Prelude and Fugue in A Minor, WTC II, BWV 847",validation,2013,midi/baroque/BAR_073_Johann_Sebastian_Bach_Prelude_and_Fugue_in_A_Mi.midi,audio/baroque/BAR_073_Johann_Sebastian_Bach_Prelude_and_Fugue_in_A_Mi.wav,220.77,Baroque
Johann Sebastian Bach,"Prelude and Fugue in A Minor, WTC II, BWV 889",train,2015,midi/baroque/BAR_074_Johann_Sebastian_Bach_Prelude_and_Fugue_in_A_Mi.midi,audio/baroque/BAR_074_Johann_Sebastian_Bach_Prelude_and_Fugue_in_A_Mi.wav,236.19,Baroque
Johann Sebastian Bach,"Prelude and Fugue in A Minor, WTC II, BWV 889",train,2011,midi/baroque/BAR_075_Johann_Sebastian_Bach_Prelude_and_Fugue_in_A_Mi.midi,audio/baroque/BAR_075_Johann_Sebastian_Bach_Prelude_and_Fugue_in_A_Mi.wav,244.37,Baroque
Johann Sebastian Bach,"Prelude and Fugue in A Minor, WTC II, BWV 889",train,2017,midi/baroque/BAR_076_Johann_Sebastian_Bach_Prelude_and_Fugue_in_A_Mi.midi,audio/baroque/BAR_076_Johann_Sebastian_Bach_Prelude_and_Fugue_in_A_Mi.wav,241.08,Baroque
Johann Sebastian Bach,"Prelude and Fugue in A Minor, WTC II, BWV 889",train,2017,midi/baroque/BAR_077_Johann_Sebastian_Bach_Prelude_and_Fugue_in_A_Mi.midi,audio/baroque/BAR_077_Johann_Sebastian_Bach_Prelude_and_Fugue_in_A_Mi.wav,225.74,Baroque
Johann Sebastian Bach,"Prelude and Fugue in A Minor, WTC II, BWV 889",train,2017,midi/baroque/BAR_078_Johann_Sebastian_Bach_Prelude_and_Fugue_in_A_Mi.midi,audio/baroque/BAR_078_Johann_Sebastian_Bach_Prelude_and_Fugue_in_A_Mi.wav,215.64,Baroque
Johann Sebastian Bach,"Prelude and Fugue in A-flat Major, WTC I",train,2008,midi/baroque/BAR_079_Johann_Sebastian_Bach_Prelude_and_Fugue_in_A-fl.midi,audio/baroque/BAR_079_Johann_Sebastian_Bach_Prelude_and_Fugue_in_A-fl.wav,230.55,Baroque
Johann Sebastian Bach,"Prelude and Fugue in A-flat Major, WTC I, BWV 862",train,2013,midi/baroque/BAR_080_Johann_Sebastian_Bach_Prelude_and_Fugue_in_A-fl.midi,audio/baroque/BAR_080_Johann_Sebastian_Bach_Prelude_and_Fugue_in_A-fl.wav,208.19,Baroque
Johann Sebastian Bach,"Prelude and Fugue in B Major, WTC I, BWV 868",train,2014,midi/baroque/BAR_081_Johann_Sebastian_Bach_Prelude_and_Fugue_in_B_Ma.midi,audio/baroque/BAR_081_Johann_Sebastian_Bach_Prelude_and_Fugue_in_B_Ma.wav,188.7,Baroque
Johann Sebastian Bach,"Prelude and Fugue in B Major, WTC II, BWV 892",train,2011,midi/baroque/BAR_082_Johann_Sebastian_Bach_Prelude_and_Fugue_in_B_Ma.midi,audio/baroque/BAR_082_Johann_Sebastian_Bach_Prelude_and_Fugue_in_B_Ma.wav,347.65,Baroque
Johann Sebastian Bach,"Prelude and Fugue in B Major, WTC II, BWV 892",train,2017,midi/baroque/BAR_083_Johann_Sebastian_Bach_Prelude_and_Fugue_in_B_Ma.midi,audio/baroque/BAR_083_Johann_Sebastian_Bach_Prelude_and_Fugue_in_B_Ma.wav,347.09,Baroque
Johann Sebastian Bach,"Prelude and Fugue in B Minor, WTC II",test,2008,midi/baroque/BAR_084_Johann_Sebastian_Bach_Prelude_and_Fugue_in_B_Mi.midi,audio/baroque/BAR_084_Johann_Sebastian_Bach_Prelude_and_Fugue_in_B_Mi.wav,223.9,Baroque
Johann Sebastian Bach,"Prelude and Fugue in B Minor, WTC II",test,2008,midi/baroque/BAR_085_Johann_Sebastian_Bach_Prelude_and_Fugue_in_B_Mi.midi,audio/baroque/BAR_085_Johann_Sebastian_Bach_Prelude_and_Fugue_in_B_Mi.wav,224.95,Baroque
Johann Sebastian Bach,"Prelude and Fugue in B Minor, WTC II, BWV 893",train,2013,midi/baroque/BAR_086_Johann_Sebastian_Bach_Prelude_and_Fugue_in_B_Mi.midi,audio/baroque/BAR_086_Johann_Sebastian_Bach_Prelude_and_Fugue_in_B_Mi.wav,254.68,Baroque
Johann Sebastian Bach,"Prelude and Fugue in B-Moll, No. 22 WTKII",validation,2004,midi/baroque/BAR_087_Johann_Sebastian_Bach_Prelude_and_Fugue_in_B-Mo.midi,audio/baroque/BAR_087_Johann_Sebastian_Bach_Prelude_and_Fugue_in_B-Mo.wav,420.45,Baroque
Johann Sebastian Bach,"Prelude and Fugue in B-flat Minor, WTC I, BWV 867",train,2015,midi/baroque/BAR_088_Johann_Sebastian_Bach_Prelude_and_Fugue_in_B-fl.midi,audio/baroque/BAR_088_Johann_Sebastian_Bach_Prelude_and_Fugue_in_B-fl.wav,313.17,Baroque
Johann Sebastian Bach,"Prelude and Fugue in B-flat Minor, WTC I, BWV 867",test,2013,midi/baroque/BAR_089_Johann_Sebastian_Bach_Prelude_and_Fugue_in_B-fl.midi,audio/baroque/BAR_089_Johann_Sebastian_Bach_Prelude_and_Fugue_in_B-fl.wav,316.23,Baroque
Johann Sebastian Bach,"Prelude and Fugue in B-flat Minor, WTC I, BWV 867",train,2013,midi/baroque/BAR_090_Johann_Sebastian_Bach_Prelude_and_Fugue_in_B-fl.midi,audio/baroque/BAR_090_Johann_Sebastian_Bach_Prelude_and_Fugue_in_B-fl.wav,352.81,Baroque
Johann Sebastian Bach,"Prelude and Fugue in B-flat Minor, WTC I, BWV 867",train,2011,midi/baroque/BAR_091_Johann_Sebastian_Bach_Prelude_and_Fugue_in_B-fl.midi,audio/baroque/BAR_091_Johann_Sebastian_Bach_Prelude_and_Fugue_in_B-fl.wav,337.99,Baroque
Johann Sebastian Bach,"Prelude and Fugue in B-flat Minor, WTC II",train,2008,midi/baroque/BAR_092_Johann_Sebastian_Bach_Prelude_and_Fugue_in_B-fl.midi,audio/baroque/BAR_092_Johann_Sebastian_Bach_Prelude_and_Fugue_in_B-fl.wav,360.53,Baroque
Johann Sebastian Bach,"Prelude and Fugue in C Major, WTC  II, BWV 870",train,2015,midi/baroque/BAR_093_Johann_Sebastian_Bach_Prelude_and_Fugue_in_C_Ma.midi,audio/baroque/BAR_093_Johann_Sebastian_Bach_Prelude_and_Fugue_in_C_Ma.wav,233.18,Baroque
Johann Sebastian Bach,"Prelude and Fugue in C Major, WTC II, BWV 846",train,2014,midi/baroque/BAR_094_Johann_Sebastian_Bach_Prelude_and_Fugue_in_C_Ma.midi,audio/baroque/BAR_094_Johann_Sebastian_Bach_Prelude_and_Fugue_in_C_Ma.wav,239.89,Baroque
Johann Sebastian Bach,"Prelude and Fugue in C Major, WTC II, BWV 870",train,2015,midi/baroque/BAR_095_Johann_Sebastian_Bach_Prelude_and_Fugue_in_C_Ma.midi,audio/baroque/BAR_095_Johann_Sebastian_Bach_Prelude_and_Fugue_in_C_Ma.wav,258.54,Baroque
Johann Sebastian Bach,"Prelude and Fugue in C Minor, WTC II, BWV 871",test,2011,midi/baroque/BAR_096_Johann_Sebastian_Bach_Prelude_and_Fugue_in_C_Mi.midi,audio/baroque/BAR_096_Johann_Sebastian_Bach_Prelude_and_Fugue_in_C_Mi.wav,238.73,Baroque
Johann Sebastian Bach,"Prelude and Fugue in C sharp major, WTC I, BWV 848",train,2011,midi/baroque/BAR_097_Johann_Sebastian_Bach_Prelude_and_Fugue_in_C_sh.midi,audio/baroque/BAR_097_Johann_Sebastian_Bach_Prelude_and_Fugue_in_C_sh.wav,202.55,Baroque
Johann Sebastian Bach,"Prelude and Fugue in C-Sharp Major, WTC I, BWV 848",train,2011,midi/baroque/BAR_098_Johann_Sebastian_Bach_Prelude_and_Fugue_in_C-Sh.midi,audio/baroque/BAR_098_Johann_Sebastian_Bach_Prelude_and_Fugue_in_C-Sh.wav,208.38,Baroque
Johann Sebastian Bach,"Prelude and Fugue in C-Sharp Major, WTC I, BWV 848",train,2011,midi/baroque/BAR_099_Johann_Sebastian_Bach_Prelude_and_Fugue_in_C-Sh.midi,audio/baroque/BAR_099_Johann_Sebastian_Bach_Prelude_and_Fugue_in_C-Sh.wav,202.96,Baroque
Johann Sebastian Bach,"Prelude and Fugue in C-Sharp Minor, WTC I, BWV 849",train,2014,midi/baroque/BAR_100_Johann_Sebastian_Bach_Prelude_and_Fugue_in_C-Sh.midi,audio/baroque/BAR_100_Johann_Sebastian_Bach_Prelude_and_Fugue_in_C-Sh.wav,328.45,Baroque
Johann Sebastian Bach,"Prelude and Fugue in C-sharp Major, BWV 848",train,2013,midi/baroque/BAR_101_Johann_Sebastian_Bach_Prelude_and_Fugue_in_C-sh.midi,audio/baroque/BAR_101_Johann_Sebastian_Bach_Prelude_and_Fugue_in_C-sh.wav,208.54,Baroque
Johann Sebastian Bach,"Prelude and Fugue in C-sharp Major, WTC I",train,2008,midi/baroque/BAR_102_Johann_Sebastian_Bach_Prelude_and_Fugue_in_C-sh.midi,audio/baroque/BAR_102_Johann_Sebastian_Bach_Prelude_and_Fugue_in_C-sh.wav,180.02,Baroque
Johann Sebastian Bach,"Prelude and Fugue in C-sharp Major, WTC I",train,2008,midi/baroque/BAR_103_Johann_Sebastian_Bach_Prelude_and_Fugue_in_C-sh.midi,audio/baroque/BAR_103_Johann_Sebastian_Bach_Prelude_and_Fugue_in_C-sh.wav,195.69,Baroque
Johann Sebastian Bach,"Prelude and Fugue in C-sharp Major, WTC I, BWV 848",train,2015,midi/baroque/BAR_104_Johann_Sebastian_Bach_Prelude_and_Fugue_in_C-sh.midi,audio/baroque/BAR_104_Johann_Sebastian_Bach_Prelude_and_Fugue_in_C-sh.wav,217.73,Baroque
Johann Sebastian Bach,"Prelude and Fugue in C-sharp Major, WTC I, BWV 848",train,2013,midi/baroque/BAR_105_Johann_Sebastian_Bach_Prelude_and_Fugue_in_C-sh.midi,audio/baroque/BAR_105_Johann_Sebastian_Bach_Prelude_and_Fugue_in_C-sh.wav,211.06,Baroque
Johann Sebastian Bach,"Prelude and Fugue in C-sharp Major, WTC I, BWV 848",train,2017,midi/baroque/BAR_106_Johann_Sebastian_Bach_Prelude_and_Fugue_in_C-sh.midi,audio/baroque/BAR_106_Johann_Sebastian_Bach_Prelude_and_Fugue_in_C-sh.wav,194.05,Baroque
Johann Sebastian Bach,"Prelude and Fugue in C-sharp Minor, Book I, BWV 849",train,2018,midi/baroque/BAR_107_Johann_Sebastian_Bach_Prelude_and_Fugue_in_C-sh.midi,audio/baroque/BAR_107_Johann_Sebastian_Bach_Prelude_and_Fugue_in_C-sh.wav,454.25,Baroque
Johann Sebastian Bach,"Prelude and Fugue in C-sharp Minor, WTC I",train,2008,midi/baroque/BAR_108_Johann_Sebastian_Bach_Prelude_and_Fugue_in_C-sh.midi,audio/baroque/BAR_108_Johann_Sebastian_Bach_Prelude_and_Fugue_in_C-sh.wav,322.88,Baroque
Johann Sebastian Bach,"Prelude and Fugue in C-sharp Minor, WTC I, BWV 849",train,2017,midi/baroque/BAR_109_Johann_Sebastian_Bach_Prelude_and_Fugue_in_C-sh.midi,audio/baroque/BAR_109_Johann_Sebastian_Bach_Prelude_and_Fugue_in_C-sh.wav,439.37,Baroque
Johann Sebastian Bach,"Prelude and Fugue in C-sharp Minor, WTC II",train,2008,midi/baroque/BAR_110_Johann_Sebastian_Bach_Prelude_and_Fugue_in_C-sh.midi,audio/baroque/BAR_110_Johann_Sebastian_Bach_Prelude_and_Fugue_in_C-sh.wav,381.54,Baroque
Johann Sebastian Bach,"Prelude and Fugue in D Major, Book II",validation,2018,midi/baroque/BAR_111_Johann_Sebastian_Bach_Prelude_and_Fugue_in_D_Ma.midi,audio/baroque/BAR_111_Johann_Sebastian_Bach_Prelude_and_Fugue_in_D_Ma.wav,313.29,Baroque
Johann Sebastian Bach,"Prelude and Fugue in D Major, WTC I, BWV 850",train,2011,midi/baroque/BAR_112_Johann_Sebastian_Bach_Prelude_and_Fugue_in_D_Ma.midi,audio/baroque/BAR_112_Johann_Sebastian_Bach_Prelude_and_Fugue_in_D_Ma.wav,174.84,Baroque
Johann Sebastian Bach,"Prelude and Fugue in D Major, WTC I, BWV 850",test,2017,midi/baroque/BAR_113_Johann_Sebastian_Bach_Prelude_and_Fugue_in_D_Ma.midi,audio/baroque/BAR_113_Johann_Sebastian_Bach_Prelude_and_Fugue_in_D_Ma.wav,208.62,Baroque
Johann Sebastian Bach,"Prelude and Fugue in D Major, WTC II, BWV 874",train,2015,midi/baroque/BAR_114_Johann_Sebastian_Bach_Prelude_and_Fugue_in_D_Ma.midi,audio/baroque/BAR_114_Johann_Sebastian_Bach_Prelude_and_Fugue_in_D_Ma.wav,373.19,Baroque
Johann Sebastian Bach,"Prelude and Fugue in D Major, WTC II, BWV 874",train,2013,midi/baroque/BAR_115_Johann_Sebastian_Bach_Prelude_and_Fugue_in_D_Ma.midi,audio/baroque/BAR_115_Johann_Sebastian_Bach_Prelude_and_Fugue_in_D_Ma.wav,352.83,Baroque
Johann Sebastian Bach,"Prelude and Fugue in D Major, WTC II, BWV 874",train,2011,midi/baroque/BAR_116_Johann_Sebastian_Bach_Prelude_and_Fugue_in_D_Ma.midi,audio/baroque/BAR_116_Johann_Sebastian_Bach_Prelude_and_Fugue_in_D_Ma.wav,153.46,Baroque
Johann Sebastian Bach,"Prelude and Fugue in D Major, WTC II, BWV 874",train,2011,midi/baroque/BAR_117_Johann_Sebastian_Bach_Prelude_and_Fugue_in_D_Ma.midi,audio/baroque/BAR_117_Johann_Sebastian_Bach_Prelude_and_Fugue_in_D_Ma.wav,171.83,Baroque
Johann Sebastian Bach,"Prelude and Fugue in D Minor, Book II",train,2004,midi/baroque/BAR_118_Johann_Sebastian_Bach_Prelude_and_Fugue_in_D_Mi.midi,audio/baroque/BAR_118_Johann_Sebastian_Bach_Prelude_and_Fugue_in_D_Mi.wav,203.72,Baroque
Johann Sebastian Bach,"Prelude and Fugue in D Minor, WTC I, BWV 851",validation,2011,midi/baroque/BAR_119_Johann_Sebastian_Bach_Prelude_and_Fugue_in_D_Mi.midi,audio/baroque/BAR_119_Johann_Sebastian_Bach_Prelude_and_Fugue_in_D_Mi.wav,220.76,Baroque
Johann Sebastian Bach,"Prelude and Fugue in D Minor, WTC II,  BWV 875",train,2011,midi/baroque/BAR_120_Johann_Sebastian_Bach_Prelude_and_Fugue_in_D_Mi.midi,audio/baroque/BAR_120_Johann_Sebastian_Bach_Prelude_and_Fugue_in_D_Mi.wav,228.76,Baroque
Johann Sebastian Bach,"Prelude and Fugue in D Minor, WTC II, BWV 875",train,2013,midi/baroque/BAR_121_Johann_Sebastian_Bach_Prelude_and_Fugue_in_D_Mi.midi,audio/baroque/BAR_121_Johann_Sebastian_Bach_Prelude_and_Fugue_in_D_Mi.wav,213.62,Baroque
Johann Sebastian Bach,"Prelude and Fugue in D Minor, WTC II, BWV 875",train,2017,midi/baroque/BAR_122_Johann_Sebastian_Bach_Prelude_and_Fugue_in_D_Mi.midi,audio/baroque/BAR_122_Johann_Sebastian_Bach_Prelude_and_Fugue_in_D_Mi.wav,208.59,Baroque
Johann Sebastian Bach,"Prelude and Fugue in D major, WTC I",train,2008,midi/baroque/BAR_123_Johann_Sebastian_Bach_Prelude_and_Fugue_in_D_ma.midi,audio/baroque/BAR_123_Johann_Sebastian_Bach_Prelude_and_Fugue_in_D_ma.wav,230.45,Baroque
Johann Sebastian Bach,"Prelude and Fugue in D-flat Major, WTC I, BWV 848",train,2011,midi/baroque/BAR_124_Johann_Sebastian_Bach_Prelude_and_Fugue_in_D-fl.midi,audio/baroque/BAR_124_Johann_Sebastian_Bach_Prelude_and_Fugue_in_D-fl.wav,200.21,Baroque
Johann Sebastian Bach,"Prelude and Fugue in D-flat Major, WTC I, BWV 848",train,2017,midi/baroque/BAR_125_Johann_Sebastian_Bach_Prelude_and_Fugue_in_D-fl.midi,audio/baroque/BAR_125_Johann_Sebastian_Bach_Prelude_and_Fugue_in_D-fl.wav,229.83,Baroque
Johann Sebastian Bach,"Prelude and Fugue in D-sharp Minor, WTC II, BWV 877",train,2013,midi/baroque/BAR_126_Johann_Sebastian_Bach_Prelude_and_Fugue_in_D-sh.midi,audio/baroque/BAR_126_Johann_Sebastian_Bach_Prelude_and_Fugue_in_D-sh.wav,388.63,Baroque
Johann Sebastian Bach,"Prelude and Fugue in E Major, WTC I, BWV 854",test,2013,midi/baroque/BAR_127_Johann_Sebastian_Bach_Prelude_and_Fugue_in_E_Ma.midi,audio/baroque/BAR_127_Johann_Sebastian_Bach_Prelude_and_Fugue_in_E_Ma.wav,157.07,Baroque
Johann Sebastian Bach,"Prelude and Fugue in E Major, WTC I, BWV 854",train,2013,midi/baroque/BAR_128_Johann_Sebastian_Bach_Prelude_and_Fugue_in_E_Ma.midi,audio/baroque/BAR_128_Johann_Sebastian_Bach_Prelude_and_Fugue_in_E_Ma.wav,141.2,Baroque
Johann Sebastian Bach,"Prelude and Fugue in E Major, WTC I, BWV 854",train,2011,midi/baroque/BAR_129_Johann_Sebastian_Bach_Prelude_and_Fugue_in_E_Ma.midi,audio/baroque/BAR_129_Johann_Sebastian_Bach_Prelude_and_Fugue_in_E_Ma.wav,144.94,Baroque
Johann Sebastian Bach,"Prelude and Fugue in E Major, WTC I, BWV 854",train,2017,midi/baroque/BAR_130_Johann_Sebastian_Bach_Prelude_and_Fugue_in_E_Ma.midi,audio/baroque/BAR_130_Johann_Sebastian_Bach_Prelude_and_Fugue_in_E_Ma.wav,151.02,Baroque
Johann Sebastian Bach,"Prelude and Fugue in E Major, WTC I, BWV 854",validation,2017,midi/baroque/BAR_131_Johann_Sebastian_Bach_Prelude_and_Fugue_in_E_Ma.midi,audio/baroque/BAR_131_Johann_Sebastian_Bach_Prelude_and_Fugue_in_E_Ma.wav,150.83,Baroque
Johann Sebastian Bach,"Prelude and Fugue in E Major, WTC I, BWV 854  ",train,2015,midi/baroque/BAR_132_Johann_Sebastian_Bach_Prelude_and_Fugue_in_E_Ma.midi,audio/baroque/BAR_132_Johann_Sebastian_Bach_Prelude_and_Fugue_in_E_Ma.wav,159.49,Baroque
Johann Sebastian Bach,"Prelude and Fugue in E Minor WTC I, BWV 855",train,2015,midi/baroque/BAR_133_Johann_Sebastian_Bach_Prelude_and_Fugue_in_E_Mi.midi,audio/baroque/BAR_133_Johann_Sebastian_Bach_Prelude_and_Fugue_in_E_Mi.wav,201.87,Baroque
Johann Sebastian Bach,"Prelude and Fugue in E-flat Major, WTC I",train,2008,midi/baroque/BAR_134_Johann_Sebastian_Bach_Prelude_and_Fugue_in_E-fl.midi,audio/baroque/BAR_134_Johann_Sebastian_Bach_Prelude_and_Fugue_in_E-fl.wav,342.3,Baroque
Johann Sebastian Bach,"Prelude and Fugue in E-flat Major, WTC II, BWV 876",train,2011,midi/baroque/BAR_135_Johann_Sebastian_Bach_Prelude_and_Fugue_in_E-fl.midi,audio/baroque/BAR_135_Johann_Sebastian_Bach_Prelude_and_Fugue_in_E-fl.wav,226.34,Baroque
Johann Sebastian Bach,"Prelude and Fugue in E-flat Major, WTC II, BWV 876",train,2017,midi/baroque/BAR_136_Johann_Sebastian_Bach_Prelude_and_Fugue_in_E-fl.midi,audio/baroque/BAR_136_Johann_Sebastian_Bach_Prelude_and_Fugue_in_E-fl.wav,246.29,Baroque
Johann Sebastian Bach,"Prelude and Fugue in E-flat Minor WTC I, BWV 853",train,2017,midi/baroque/BAR_137_Johann_Sebastian_Bach_Prelude_and_Fugue_in_E-fl.midi,audio/baroque/BAR_137_Johann_Sebastian_Bach_Prelude_and_Fugue_in_E-fl.wav,511.42,Baroque
Johann Sebastian Bach,"Prelude and Fugue in E-flat Minor, WTC I, BWV 853",train,2015,midi/baroque/BAR_138_Johann_Sebastian_Bach_Prelude_and_Fugue_in_E-fl.midi,audio/baroque/BAR_138_Johann_Sebastian_Bach_Prelude_and_Fugue_in_E-fl.wav,545.82,Baroque
Johann Sebastian Bach,"Prelude and Fugue in E-flat Minor, WTC I, BWV 853",train,2017,midi/baroque/BAR_139_Johann_Sebastian_Bach_Prelude_and_Fugue_in_E-fl.midi,audio/baroque/BAR_139_Johann_Sebastian_Bach_Prelude_and_Fugue_in_E-fl.wav,513.91,Baroque
Johann Sebastian Bach,"Prelude and Fugue in E-flat Minor, WTC I, BWV 853",train,2017,midi/baroque/BAR_140_Johann_Sebastian_Bach_Prelude_and_Fugue_in_E-fl.midi,audio/baroque/BAR_140_Johann_Sebastian_Bach_Prelude_and_Fugue_in_E-fl.wav,524.59,Baroque
Johann Sebastian Bach,"Prelude and Fugue in E-flat Minor, WTC I, BWV 853",test,2017,midi/baroque/BAR_141_Johann_Sebastian_Bach_Prelude_and_Fugue_in_E-fl.midi,audio/baroque/BAR_141_Johann_Sebastian_Bach_Prelude_and_Fugue_in_E-fl.wav,483.49,Baroque
Johann Sebastian Bach,"Prelude and Fugue in F Major, WTC I, BWV 856",validation,2015,midi/baroque/BAR_142_Johann_Sebastian_Bach_Prelude_and_Fugue_in_F_Ma.midi,audio/baroque/BAR_142_Johann_Sebastian_Bach_Prelude_and_Fugue_in_F_Ma.wav,127.64,Baroque
Johann Sebastian Bach,"Prelude and Fugue in F Major, WTC II",test,2008,midi/baroque/BAR_143_Johann_Sebastian_Bach_Prelude_and_Fugue_in_F_Ma.midi,audio/baroque/BAR_143_Johann_Sebastian_Bach_Prelude_and_Fugue_in_F_Ma.wav,269.76,Baroque
Johann Sebastian Bach,"Prelude and Fugue in F Major, WTC II, BWV 880",train,2017,midi/baroque/BAR_144_Johann_Sebastian_Bach_Prelude_and_Fugue_in_F_Ma.midi,audio/baroque/BAR_144_Johann_Sebastian_Bach_Prelude_and_Fugue_in_F_Ma.wav,302.41,Baroque
Johann Sebastian Bach,"Prelude and Fugue in F Minor, WTC I",train,2008,midi/baroque/BAR_145_Johann_Sebastian_Bach_Prelude_and_Fugue_in_F_Mi.midi,audio/baroque/BAR_145_Johann_Sebastian_Bach_Prelude_and_Fugue_in_F_Mi.wav,336.69,Baroque
Johann Sebastian Bach,"Prelude and Fugue in F Minor, WTC I, BWV 857",train,2015,midi/baroque/BAR_146_Johann_Sebastian_Bach_Prelude_and_Fugue_in_F_Mi.midi,audio/baroque/BAR_146_Johann_Sebastian_Bach_Prelude_and_Fugue_in_F_Mi.wav,312.71,Baroque
Johann Sebastian Bach,"Prelude and Fugue in F Minor, WTC I, BWV 857",train,2015,midi/baroque/BAR_147_Johann_Sebastian_Bach_Prelude_and_Fugue_in_F_Mi.midi,audio/baroque/BAR_147_Johann_Sebastian_Bach_Prelude_and_Fugue_in_F_Mi.wav,355.03,Baroque
Johann Sebastian Bach,"Prelude and Fugue in F Minor, WTC I, BWV 857",train,2011,midi/baroque/BAR_148_Johann_Sebastian_Bach_Prelude_and_Fugue_in_F_Mi.midi,audio/baroque/BAR_148_Johann_Sebastian_Bach_Prelude_and_Fugue_in_F_Mi.wav,113.86,Baroque
Johann Sebastian Bach,"Prelude and Fugue in F Minor, WTC I, BWV 857",train,2011,midi/baroque/BAR_149_Johann_Sebastian_Bach_Prelude_and_Fugue_in_F_Mi.midi,audio/baroque/BAR_149_Johann_Sebastian_Bach_Prelude_and_Fugue_in_F_Mi.wav,192.89,Baroque
Johann Sebastian Bach,"Prelude and Fugue in F Minor, WTC I, BWV 857",train,2017,midi/baroque/BAR_150_Johann_Sebastian_Bach_Prelude_and_Fugue_in_F_Mi.midi,audio/baroque/BAR_150_Johann_Sebastian_Bach_Prelude_and_Fugue_in_F_Mi.wav,331.6,Baroque
Johann Sebastian Bach,"Prelude and Fugue in F Minor, WTC I, BWV 857",validation,2017,midi/baroque/BAR_151_Johann_Sebastian_Bach_Prelude_and_Fugue_in_F_Mi.midi,audio/baroque/BAR_151_Johann_Sebastian_Bach_Prelude_and_Fugue_in_F_Mi.wav,348.26,Baroque
Johann Sebastian Bach,"Prelude and Fugue in F-sharp Major, WTC I, BWV 858",test,2011,midi/baroque/BAR_152_Johann_Sebastian_Bach_Prelude_and_Fugue_in_F-sh.midi,audio/baroque/BAR_152_Johann_Sebastian_Bach_Prelude_and_Fugue_in_F-sh.wav,219.03,Baroque
Johann Sebastian Bach,"Prelude and Fugue in F-sharp Minor, WTC II",train,2008,midi/baroque/BAR_153_Johann_Sebastian_Bach_Prelude_and_Fugue_in_F-sh.midi,audio/baroque/BAR_153_Johann_Sebastian_Bach_Prelude_and_Fugue_in_F-sh.wav,437.08,Baroque
Johann Sebastian Bach,"Prelude and Fugue in F-sharp Minor, WTC II , BWV 883",train,2015,midi/baroque/BAR_154_Johann_Sebastian_Bach_Prelude_and_Fugue_in_F-sh.midi,audio/baroque/BAR_154_Johann_Sebastian_Bach_Prelude_and_Fugue_in_F-sh.wav,348.58,Baroque
Johann Sebastian Bach,"Prelude and Fugue in F-sharp Minor, WTC II, BWV 883",train,2013,midi/baroque/BAR_155_Johann_Sebastian_Bach_Prelude_and_Fugue_in_F-sh.midi,audio/baroque/BAR_155_Johann_Sebastian_Bach_Prelude_and_Fugue_in_F-sh.wav,401.08,Baroque
Johann Sebastian Bach,"Prelude and Fugue in F-sharp Minor, WTC II, BWV 883",train,2017,midi/baroque/BAR_156_Johann_Sebastian_Bach_Prelude_and_Fugue_in_F-sh.midi,audio/baroque/BAR_156_Johann_Sebastian_Bach_Prelude_and_Fugue_in_F-sh.wav,385.83,Baroque
Johann Sebastian Bach,"Prelude and Fugue in F-sharp Minor, WTC II, BWV 883",validation,2017,midi/baroque/BAR_157_Johann_Sebastian_Bach_Prelude_and_Fugue_in_F-sh.midi,audio/baroque/BAR_157_Johann_Sebastian_Bach_Prelude_and_Fugue_in_F-sh.wav,449.36,Baroque
Johann Sebastian Bach,"Prelude and Fugue in G Major, WTC I",train,2008,midi/baroque/BAR_158_Johann_Sebastian_Bach_Prelude_and_Fugue_in_G_Ma.midi,audio/baroque/BAR_158_Johann_Sebastian_Bach_Prelude_and_Fugue_in_G_Ma.wav,218.72,Baroque
Johann Sebastian Bach,"Prelude and Fugue in G Major, WTC I",train,2008,midi/baroque/BAR_159_Johann_Sebastian_Bach_Prelude_and_Fugue_in_G_Ma.midi,audio/baroque/BAR_159_Johann_Sebastian_Bach_Prelude_and_Fugue_in_G_Ma.wav,220.11,Baroque
Johann Sebastian Bach,"Prelude and Fugue in G Major, WTC I",train,2008,midi/baroque/BAR_160_Johann_Sebastian_Bach_Prelude_and_Fugue_in_G_Ma.midi,audio/baroque/BAR_160_Johann_Sebastian_Bach_Prelude_and_Fugue_in_G_Ma.wav,214.03,Baroque
Johann Sebastian Bach,"Prelude and Fugue in G Major, WTC I",validation,2008,midi/baroque/BAR_161_Johann_Sebastian_Bach_Prelude_and_Fugue_in_G_Ma.midi,audio/baroque/BAR_161_Johann_Sebastian_Bach_Prelude_and_Fugue_in_G_Ma.wav,215.84,Baroque
Johann Sebastian Bach,"Prelude and Fugue in G Major, WTC I, BWV 860",train,2015,midi/baroque/BAR_162_Johann_Sebastian_Bach_Prelude_and_Fugue_in_G_Ma.midi,audio/baroque/BAR_162_Johann_Sebastian_Bach_Prelude_and_Fugue_in_G_Ma.wav,199.41,Baroque
Johann Sebastian Bach,"Prelude and Fugue in G Major, WTC I, BWV 860",validation,2013,midi/baroque/BAR_163_Johann_Sebastian_Bach_Prelude_and_Fugue_in_G_Ma.midi,audio/baroque/BAR_163_Johann_Sebastian_Bach_Prelude_and_Fugue_in_G_Ma.wav,220.69,Baroque
Johann Sebastian Bach,"Prelude and Fugue in G Major, WTC I, BWV 860",test,2017,midi/baroque/BAR_164_Johann_Sebastian_Bach_Prelude_and_Fugue_in_G_Ma.midi,audio/baroque/BAR_164_Johann_Sebastian_Bach_Prelude_and_Fugue_in_G_Ma.wav,223.31,Baroque
Johann Sebastian Bach,"Prelude and Fugue in G Major, WTC II, BWV 884",train,2017,midi/baroque/BAR_165_Johann_Sebastian_Bach_Prelude_and_Fugue_in_G_Ma.midi,audio/baroque/BAR_165_Johann_Sebastian_Bach_Prelude_and_Fugue_in_G_Ma.wav,137.29,Baroque
Johann Sebastian Bach,"Prelude and Fugue in G Minor, WTC II",train,2008,midi/baroque/BAR_166_Johann_Sebastian_Bach_Prelude_and_Fugue_in_G_Mi.midi,audio/baroque/BAR_166_Johann_Sebastian_Bach_Prelude_and_Fugue_in_G_Mi.wav,349.72,Baroque
Johann Sebastian Bach,"Prelude and Fugue in G Minor, WTC II,  BWV 885",train,2011,midi/baroque/BAR_167_Johann_Sebastian_Bach_Prelude_and_Fugue_in_G_Mi.midi,audio/baroque/BAR_167_Johann_Sebastian_Bach_Prelude_and_Fugue_in_G_Mi.wav,303.65,Baroque
Johann Sebastian Bach,"Prelude and Fugue in G Minor, WTC II, BWV 885",train,2015,midi/baroque/BAR_168_Johann_Sebastian_Bach_Prelude_and_Fugue_in_G_Mi.midi,audio/baroque/BAR_168_Johann_Sebastian_Bach_Prelude_and_Fugue_in_G_Mi.wav,330.16,Baroque
Johann Sebastian Bach,"Prelude and Fugue in G Minor, WTC II, BWV 885",test,2011,midi/baroque/BAR_169_Johann_Sebastian_Bach_Prelude_and_Fugue_in_G_Mi.midi,audio/baroque/BAR_169_Johann_Sebastian_Bach_Prelude_and_Fugue_in_G_Mi.wav,45.17,Baroque
Johann Sebastian Bach,"Prelude and Fugue in G-sharp Minor, WTC I, BWV 863",train,2015,midi/baroque/BAR_170_Johann_Sebastian_Bach_Prelude_and_Fugue_in_G-sh.midi,audio/baroque/BAR_170_Johann_Sebastian_Bach_Prelude_and_Fugue_in_G-sh.wav,275.4,Baroque
Johann Sebastian Bach,"Prelude and Fugue in G-sharp Minor, WTC I, BWV 863",train,2013,midi/baroque/BAR_171_Johann_Sebastian_Bach_Prelude_and_Fugue_in_G-sh.midi,audio/baroque/BAR_171_Johann_Sebastian_Bach_Prelude_and_Fugue_in_G-sh.wav,269.32,Baroque
Johann Sebastian Bach,"Prelude and Fugue in G-sharp Minor, WTC I, BWV 863",train,2017,midi/baroque/BAR_172_Johann_Sebastian_Bach_Prelude_and_Fugue_in_G-sh.midi,audio/baroque/BAR_172_Johann_Sebastian_Bach_Prelude_and_Fugue_in_G-sh.wav,268.4,Baroque
Johann Sebastian Bach,"Prelude and Fugue in G-sharp Minor, WTC II, BWV 887",train,2015,midi/baroque/BAR_173_Johann_Sebastian_Bach_Prelude_and_Fugue_in_G-sh.midi,audio/baroque/BAR_173_Johann_Sebastian_Bach_Prelude_and_Fugue_in_G-sh.wav,472.3,Baroque
Johann Sebastian Bach,Prelude from English Suite No. 3 in G Major,train,2013,midi/baroque/BAR_174_Johann_Sebastian_Bach_Prelude_from_English_Suit.midi,audio/baroque/BAR_174_Johann_Sebastian_Bach_Prelude_from_English_Suit.wav,182.58,Baroque
Johann Sebastian Bach,"Prelude from English Suite No. 6 in D Minor, BWV 811",validation,2013,midi/baroque/BAR_175_Johann_Sebastian_Bach_Prelude_from_English_Suit.midi,audio/baroque/BAR_175_Johann_Sebastian_Bach_Prelude_from_English_Suit.wav,444.08,Baroque
Johann Sebastian Bach,"Prelude from the English Suite No. 1 in A Major, BWV 806",test,2011,midi/baroque/BAR_176_Johann_Sebastian_Bach_Prelude_from_the_English_.midi,audio/baroque/BAR_176_Johann_Sebastian_Bach_Prelude_from_the_English_.wav,246.54,Baroque
Johann Sebastian Bach,"Prelude from the English Suite No. 2 in A Minor, BWV 807",train,2011,midi/baroque/BAR_177_Johann_Sebastian_Bach_Prelude_from_the_English_.midi,audio/baroque/BAR_177_Johann_Sebastian_Bach_Prelude_from_the_English_.wav,156.93,Baroque
Johann Sebastian Bach,Prelude from the English Suite No. 6,train,2013,midi/baroque/BAR_178_Johann_Sebastian_Bach_Prelude_from_the_English_.midi,audio/baroque/BAR_178_Johann_Sebastian_Bach_Prelude_from_the_English_.wav,468.7,Baroque
Johann Sebastian Bach,"Prelude from the English Suite No. 6 in D Minor, BWV 811",train,2011,midi/baroque/BAR_179_Johann_Sebastian_Bach_Prelude_from_the_English_.midi,audio/baroque/BAR_179_Johann_Sebastian_Bach_Prelude_from_the_English_.wav,460.57,Baroque
Johann Sebastian Bach,"Toccata from Partita No. 6 in E Minor, Missing Opening!!!!",test,2014,midi/baroque/BAR_180_Johann_Sebastian_Bach_Toccata_from_Partita_No_6.midi,audio/baroque/BAR_180_Johann_Sebastian_Bach_Toccata_from_Partita_No_6.wav,342.49,Baroque
Johann Sebastian Bach,"Toccata in C Minor, BWV 911",train,2018,midi/baroque/BAR_181_Johann_Sebastian_Bach_Toccata_in_C_Minor_BWV_91.midi,audio/baroque/BAR_181_Johann_Sebastian_Bach_Toccata_in_C_Minor_BWV_91.wav,621.09,Baroque
Johann Sebastian Bach,"Toccata in C Minor, BWV 911",train,2014,midi/baroque/BAR_182_Johann_Sebastian_Bach_Toccata_in_C_Minor_BWV_91.midi,audio/baroque/BAR_182_Johann_Sebastian_Bach_Toccata_in_C_Minor_BWV_91.wav,601.36,Baroque
Johann Sebastian Bach,"Toccata in E Minor, BWV 914",train,2008,midi/baroque/BAR_183_Johann_Sebastian_Bach_Toccata_in_E_Minor_BWV_91.midi,audio/baroque/BAR_183_Johann_Sebastian_Bach_Toccata_in_E_Minor_BWV_91.wav,419.62,Baroque
Johann Sebastian Bach,"Toccata in E Minor, BWV 914",train,2015,midi/baroque/BAR_184_Johann_Sebastian_Bach_Toccata_in_E_Minor_BWV_91.midi,audio/baroque/BAR_184_Johann_Sebastian_Bach_Toccata_in_E_Minor_BWV_91.wav,365.11,Baroque
Johann Sebastian Bach / Egon Petri,"""Sheep May Safely Graze""",train,2013,midi/baroque/BAR_185_Johann_Sebastian_Bach_Ego_Sheep_May_Safely_Graze.midi,audio/baroque/BAR_185_Johann_Sebastian_Bach_Ego_Sheep_May_Safely_Graze.wav,262.75,Baroque
Johann Sebastian Bach / Egon Petri,"Sheep May Safely Graze, from Bach's Birthday Cantata",train,2004,midi/baroque/BAR_186_Johann_Sebastian_Bach_Ego_Sheep_May_Safely_Graze_fr.midi,audio/baroque/BAR_186_Johann_Sebastian_Bach_Ego_Sheep_May_Safely_Graze_fr.wav,273.69,Baroque
Johann Sebastian Bach / Ferruccio Busoni,"""Wachet  auf, ruft uns die Stimme' BWV 645",train,2004,midi/baroque/BAR_187_Johann_Sebastian_Bach_Fer_Wachet_auf_ruft_uns_die_S.midi,audio/baroque/BAR_187_Johann_Sebastian_Bach_Fer_Wachet_auf_ruft_uns_die_S.wav,202.36,Baroque
Johann Sebastian Bach / Ferruccio Busoni,Chaconne BWV1004,train,2006,midi/baroque/BAR_188_Johann_Sebastian_Bach_Fer_Chaconne_BWV1004.midi,audio/baroque/BAR_188_Johann_Sebastian_Bach_Fer_Chaconne_BWV1004.wav,839.47,Baroque
Johann Sebastian Bach / Ferruccio Busoni,Chaconne in D Minor,train,2014,midi/baroque/BAR_189_Johann_Sebastian_Bach_Fer_Chaconne_in_D_Minor.midi,audio/baroque/BAR_189_Johann_Sebastian_Bach_Fer_Chaconne_in_D_Minor.wav,801.4,Baroque
Johann Sebastian Bach / Ferruccio Busoni,"Chaconne in D Minor, BWV 1004",train,2004,midi/baroque/BAR_190_Johann_Sebastian_Bach_Fer_Chaconne_in_D_Minor_BWV_1.midi,audio/baroque/BAR_190_Johann_Sebastian_Bach_Fer_Chaconne_in_D_Minor_BWV_1.wav,832.29,Baroque
Johann Sebastian Bach / Ferruccio Busoni,Toccata in DMin.,train,2006,midi/baroque/BAR_191_Johann_Sebastian_Bach_Fer_Toccata_in_DMin.midi,audio/baroque/BAR_191_Johann_Sebastian_Bach_Fer_Toccata_in_DMin.wav,530.9,Baroque
Johann Sebastian Bach / Franz Liszt,"Prelude and Fugue in A Minor, S.462/1",test,2011,midi/baroque/BAR_192_Johann_Sebastian_Bach_Fra_Prelude_and_Fugue_in_A_Mi.midi,audio/baroque/BAR_192_Johann_Sebastian_Bach_Fra_Prelude_and_Fugue_in_A_Mi.wav,183.71,Baroque
Johann Sebastian Bach / Franz Liszt,"Prelude and Fugue in A Minor, S.462/1",train,2011,midi/baroque/BAR_193_Johann_Sebastian_Bach_Fra_Prelude_and_Fugue_in_A_Mi.midi,audio/baroque/BAR_193_Johann_Sebastian_Bach_Fra_Prelude_and_Fugue_in_A_Mi.wav,362.19,Baroque
Johann Sebastian Bach / Franz Liszt,Var. on BACH,test,2006,midi/baroque/BAR_194_Johann_Sebastian_Bach_Fra_Var_on_BACH.midi,audio/baroque/BAR_194_Johann_Sebastian_Bach_Fra_Var_on_BACH.wav,871.55,Baroque
Johann Sebastian Bach / Myra Hess,"Jesu, Joy of Man’s Desiring, BWV 147",train,2014,midi/baroque/BAR_195_Johann_Sebastian_Bach_Myr_Jesu_Joy_of_Man_s_Desirin.midi,audio/baroque/BAR_195_Johann_Sebastian_Bach_Myr_Jesu_Joy_of_Man_s_Desirin.wav,204.8,Baroque
Orlando Gibbons,Pavan,train,2018,midi/baroque/BAR_196_Orlando_Gibbons_Pavan.midi,audio/baroque/BAR_196_Orlando_Gibbons_Pavan.wav,247.9,Baroque
Domenico Scarlatti,"Sonata in A Major, L. 345 / K. 113",train,2026,midi/baroque/BAR_197_Domenico_Scarlatti_Sonata_in_A_Major_L_345_K.midi,audio/baroque/BAR_197_Domenico_Scarlatti_Sonata_in_A_Major_L_345_K.wav,197.56,Baroque
Domenico Scarlatti,"Sonata in E-flat Major, L. 370 / K. 193",train,2026,midi/baroque/BAR_198_Domenico_Scarlatti_Sonata_in_E-flat_Major_L_.midi,audio/baroque/BAR_198_Domenico_Scarlatti_Sonata_in_E-flat_Major_L_.wav,129.59,Baroque
Domenico Scarlatti,"Sonata in G Major, L. 338 / K. 454",validation,2026,midi/baroque/BAR_199_Domenico_Scarlatti_Sonata_in_G_Major_L_338_K.midi,audio/baroque/BAR_199_Domenico_Scarlatti_Sonata_in_G_Major_L_338_K.wav,123.54,Baroque
Domenico Scarlatti,"Sonata in C Major, L. 486 / K. 159",train,2026,midi/baroque/BAR_200_Domenico_Scarlatti_Sonata_in_C_Major_L_486_K.midi,audio/baroque/BAR_200_Domenico_Scarlatti_Sonata_in_C_Major_L_486_K.wav,113.5,Baroque
Antonio Soler,Sonata No. 10 in B Minor,train,2009,midi/classical/CLA_001_Antonio_Soler_Sonata_No_10_in_B_Minor.midi,audio/classical/CLA_001_Antonio_Soler_Sonata_No_10_in_B_Minor.wav,232.77,Classical
Johann Christian Fischer / Wolfgang Amadeus Mozart,12 Variations on a Theme from a Menuet by Fischer,train,2004,midi/classical/CLA_002_Johann_Christian_Fischer__12_Variations_on_a_Theme_.midi,audio/classical/CLA_002_Johann_Christian_Fischer__12_Variations_on_a_Theme_.wav,688.4,Classical
Joseph Haydn,Andante w/Var.,train,2006,midi/classical/CLA_003_Joseph_Haydn_Andante_w_Var.midi,audio/classical/CLA_003_Joseph_Haydn_Andante_w_Var.wav,558.52,Classical
Joseph Haydn,"Piano Sonata in C major, Hob. XVI:50 (Complete)",train,2014,midi/classical/CLA_004_Joseph_Haydn_Piano_Sonata_in_C_major_H.midi,audio/classical/CLA_004_Joseph_Haydn_Piano_Sonata_in_C_major_H.wav,790.49,Classical
Joseph Haydn,Son. Hob. XVI:32,train,2006,midi/classical/CLA_005_Joseph_Haydn_Son_Hob_XVI_32.midi,audio/classical/CLA_005_Joseph_Haydn_Son_Hob_XVI_32.wav,507.45,Classical
Joseph Haydn,Son. Hob. XVI:39,train,2006,midi/classical/CLA_006_Joseph_Haydn_Son_Hob_XVI_39.midi,audio/classical/CLA_006_Joseph_Haydn_Son_Hob_XVI_39.wav,830.48,Classical
Joseph Haydn,Son. Hob. XVI:52,train,2006,midi/classical/CLA_007_Joseph_Haydn_Son_Hob_XVI_52.midi,audio/classical/CLA_007_Joseph_Haydn_Son_Hob_XVI_52.wav,960.62,Classical
Joseph Haydn,Son. Hob. XVI:52,validation,2006,midi/classical/CLA_008_Joseph_Haydn_Son_Hob_XVI_52.midi,audio/classical/CLA_008_Joseph_Haydn_Son_Hob_XVI_52.wav,1030.59,Classical
Joseph Haydn,"Sonata E-Flat Major, Hob. XVI:49, First Movement",validation,2011,midi/classical/CLA_009_Joseph_Haydn_Sonata_E-Flat_Major_Hob_X.midi,audio/classical/CLA_009_Joseph_Haydn_Sonata_E-Flat_Major_Hob_X.wav,298.23,Classical
Joseph Haydn,"Sonata in A-Flat Major, Hob. XVI:46, I. Allegro moderato",train,2017,midi/classical/CLA_010_Joseph_Haydn_Sonata_in_A-Flat_Major_Ho.midi,audio/classical/CLA_010_Joseph_Haydn_Sonata_in_A-Flat_Major_Ho.wav,349.39,Classical
Joseph Haydn,"Sonata in A-flat Major, Hob. XVI: 46, I. Allegro moderato",train,2015,midi/classical/CLA_011_Joseph_Haydn_Sonata_in_A-flat_Major_Ho.midi,audio/classical/CLA_011_Joseph_Haydn_Sonata_in_A-flat_Major_Ho.wav,362.35,Classical
Joseph Haydn,"Sonata in A-flat Major, No. 31 Hob. XVI:46, 1st mov.",test,2013,midi/classical/CLA_012_Joseph_Haydn_Sonata_in_A-flat_Major_No.midi,audio/classical/CLA_012_Joseph_Haydn_Sonata_in_A-flat_Major_No.wav,276.88,Classical
Joseph Haydn,"Sonata in B-flat Major, Hob.XVI:41",validation,2011,midi/classical/CLA_013_Joseph_Haydn_Sonata_in_B-flat_Major_Ho.midi,audio/classical/CLA_013_Joseph_Haydn_Sonata_in_B-flat_Major_Ho.wav,240.84,Classical
Joseph Haydn,"Sonata in B-flat Major, Hob.XVI:41",train,2011,midi/classical/CLA_014_Joseph_Haydn_Sonata_in_B-flat_Major_Ho.midi,audio/classical/CLA_014_Joseph_Haydn_Sonata_in_B-flat_Major_Ho.wav,128.6,Classical
Joseph Haydn,"Sonata in C Major, Hob. XVI/50",test,2009,midi/classical/CLA_015_Joseph_Haydn_Sonata_in_C_Major_Hob_XVI.midi,audio/classical/CLA_015_Joseph_Haydn_Sonata_in_C_Major_Hob_XVI.wav,885.98,Classical
Joseph Haydn,"Sonata in C Major, Hob. XVI: 50, I. Allegro",validation,2015,midi/classical/CLA_016_Joseph_Haydn_Sonata_in_C_Major_Hob_XVI.midi,audio/classical/CLA_016_Joseph_Haydn_Sonata_in_C_Major_Hob_XVI.wav,325.62,Classical
Joseph Haydn,"Sonata in C Major, Hob. XVI: 50, I. Allegro",train,2015,midi/classical/CLA_017_Joseph_Haydn_Sonata_in_C_Major_Hob_XVI.midi,audio/classical/CLA_017_Joseph_Haydn_Sonata_in_C_Major_Hob_XVI.wav,314.38,Classical
Joseph Haydn,"Sonata in C Major, Hob. XVI:48 (Complete)",train,2014,midi/classical/CLA_018_Joseph_Haydn_Sonata_in_C_Major_Hob_XVI.midi,audio/classical/CLA_018_Joseph_Haydn_Sonata_in_C_Major_Hob_XVI.wav,655.07,Classical
Joseph Haydn,"Sonata in C Major, Hob. XVI:48 (Complete)",train,2014,midi/classical/CLA_019_Joseph_Haydn_Sonata_in_C_Major_Hob_XVI.midi,audio/classical/CLA_019_Joseph_Haydn_Sonata_in_C_Major_Hob_XVI.wav,705.33,Classical
Joseph Haydn,"Sonata in C Major, Hob. XVI:50",train,2004,midi/classical/CLA_020_Joseph_Haydn_Sonata_in_C_Major_Hob_XVI.midi,audio/classical/CLA_020_Joseph_Haydn_Sonata_in_C_Major_Hob_XVI.wav,301.1,Classical
Joseph Haydn,"Sonata in C Major, Hob. XVI:50",train,2004,midi/classical/CLA_021_Joseph_Haydn_Sonata_in_C_Major_Hob_XVI.midi,audio/classical/CLA_021_Joseph_Haydn_Sonata_in_C_Major_Hob_XVI.wav,347.3,Classical
Joseph Haydn,"Sonata in C Major, Hob. XVI:50",train,2004,midi/classical/CLA_022_Joseph_Haydn_Sonata_in_C_Major_Hob_XVI.midi,audio/classical/CLA_022_Joseph_Haydn_Sonata_in_C_Major_Hob_XVI.wav,136.29,Classical
Joseph Haydn,"Sonata in C Major, Hob. XVI:50, 1st mov.",train,2013,midi/classical/CLA_023_Joseph_Haydn_Sonata_in_C_Major_Hob_XVI.midi,audio/classical/CLA_023_Joseph_Haydn_Sonata_in_C_Major_Hob_XVI.wav,290.96,Classical
Joseph Haydn,"Sonata in C Major, Hob. XVI:50, 1st mov.",train,2013,midi/classical/CLA_024_Joseph_Haydn_Sonata_in_C_Major_Hob_XVI.midi,audio/classical/CLA_024_Joseph_Haydn_Sonata_in_C_Major_Hob_XVI.wav,320.07,Classical
Joseph Haydn,"Sonata in C Major, Hob. XVI:50, First Movement",train,2008,midi/classical/CLA_025_Joseph_Haydn_Sonata_in_C_Major_Hob_XVI.midi,audio/classical/CLA_025_Joseph_Haydn_Sonata_in_C_Major_Hob_XVI.wav,325.78,Classical
Joseph Haydn,"Sonata in C Minor, First Movement",train,2008,midi/classical/CLA_026_Joseph_Haydn_Sonata_in_C_Minor_First_M.midi,audio/classical/CLA_026_Joseph_Haydn_Sonata_in_C_Minor_First_M.wav,300.52,Classical
Joseph Haydn,"Sonata in C Minor, Hob. XVI:20, 1st mov.",train,2013,midi/classical/CLA_027_Joseph_Haydn_Sonata_in_C_Minor_Hob_XVI.midi,audio/classical/CLA_027_Joseph_Haydn_Sonata_in_C_Minor_Hob_XVI.wav,317.54,Classical
Joseph Haydn,"Sonata in C Minor, Hob. XVI:20, 1st mov.",train,2013,midi/classical/CLA_028_Joseph_Haydn_Sonata_in_C_Minor_Hob_XVI.midi,audio/classical/CLA_028_Joseph_Haydn_Sonata_in_C_Minor_Hob_XVI.wav,322.51,Classical
Joseph Haydn,"Sonata in C major, Hob. XVI: 50",train,2018,midi/classical/CLA_029_Joseph_Haydn_Sonata_in_C_major_Hob_XVI.midi,audio/classical/CLA_029_Joseph_Haydn_Sonata_in_C_major_Hob_XVI.wav,809.59,Classical
Joseph Haydn,"Sonata in D Major, Hob. XVI:24",train,2004,midi/classical/CLA_030_Joseph_Haydn_Sonata_in_D_Major_Hob_XVI.midi,audio/classical/CLA_030_Joseph_Haydn_Sonata_in_D_Major_Hob_XVI.wav,208.26,Classical
Joseph Haydn,"Sonata in D Major, Hob. XVI:24",train,2004,midi/classical/CLA_031_Joseph_Haydn_Sonata_in_D_Major_Hob_XVI.midi,audio/classical/CLA_031_Joseph_Haydn_Sonata_in_D_Major_Hob_XVI.wav,272.18,Classical
Joseph Haydn,"Sonata in E Major, Hob. XVI:31, First Movement",train,2008,midi/classical/CLA_032_Joseph_Haydn_Sonata_in_E_Major_Hob_XVI.midi,audio/classical/CLA_032_Joseph_Haydn_Sonata_in_E_Major_Hob_XVI.wav,190.07,Classical
Joseph Haydn,"Sonata in E flat Major, Hob. XVI: 49, I. Allegro",train,2015,midi/classical/CLA_033_Joseph_Haydn_Sonata_in_E_flat_Major_Ho.midi,audio/classical/CLA_033_Joseph_Haydn_Sonata_in_E_flat_Major_Ho.wav,299.19,Classical
Joseph Haydn,"Sonata in E-flat Major, Hob. XVI: 52, I. Allegro",train,2015,midi/classical/CLA_034_Joseph_Haydn_Sonata_in_E-flat_Major_Ho.midi,audio/classical/CLA_034_Joseph_Haydn_Sonata_in_E-flat_Major_Ho.wav,339.42,Classical
Joseph Haydn,"Sonata in E-flat Major, Hob. XVI:52, 1st mov.",train,2013,midi/classical/CLA_035_Joseph_Haydn_Sonata_in_E-flat_Major_Ho.midi,audio/classical/CLA_035_Joseph_Haydn_Sonata_in_E-flat_Major_Ho.wav,334.62,Classical
Joseph Haydn,"Sonata in E-flat Major, Hob. XVI:52, First Movement",train,2008,midi/classical/CLA_036_Joseph_Haydn_Sonata_in_E-flat_Major_Ho.midi,audio/classical/CLA_036_Joseph_Haydn_Sonata_in_E-flat_Major_Ho.wav,330.9,Classical
Joseph Haydn,"Sonata in E-flat Major, Hob. XVI:52, First Movement",train,2011,midi/classical/CLA_037_Joseph_Haydn_Sonata_in_E-flat_Major_Ho.midi,audio/classical/CLA_037_Joseph_Haydn_Sonata_in_E-flat_Major_Ho.wav,326.7,Classical
Joseph Haydn,"Sonata in E-flat Major, Hob. XVI:52, First Movement",train,2011,midi/classical/CLA_038_Joseph_Haydn_Sonata_in_E-flat_Major_Ho.midi,audio/classical/CLA_038_Joseph_Haydn_Sonata_in_E-flat_Major_Ho.wav,330.7,Classical
Joseph Haydn,"Sonata in E-flat major, Hob. XVI:52, I. Allegro",validation,2017,midi/classical/CLA_039_Joseph_Haydn_Sonata_in_E-flat_major_Ho.midi,audio/classical/CLA_039_Joseph_Haydn_Sonata_in_E-flat_major_Ho.wav,341.06,Classical
Joseph Haydn,"Sonata in F Major, Hob. XVI:23",train,2018,midi/classical/CLA_040_Joseph_Haydn_Sonata_in_F_Major_Hob_XVI.midi,audio/classical/CLA_040_Joseph_Haydn_Sonata_in_F_Major_Hob_XVI.wav,945.39,Classical
Joseph Haydn,"Sonata in G Major, Hob. XVI:6, First Movement",train,2011,midi/classical/CLA_041_Joseph_Haydn_Sonata_in_G_Major_Hob_XVI.midi,audio/classical/CLA_041_Joseph_Haydn_Sonata_in_G_Major_Hob_XVI.wav,186.91,Classical
Joseph Haydn,"Sonata in in F Major, Hob. XVI: 23, I. Allegro moderato",test,2015,midi/classical/CLA_042_Joseph_Haydn_Sonata_in_in_F_Major_Hob_.midi,audio/classical/CLA_042_Joseph_Haydn_Sonata_in_in_F_Major_Hob_.wav,207.12,Classical
Muzio Clementi,"Sonata Bb, Op. 24, No. 2",train,2009,midi/classical/CLA_043_Muzio_Clementi_Sonata_Bb_Op_24_No_2.midi,audio/classical/CLA_043_Muzio_Clementi_Sonata_Bb_Op_24_No_2.wav,668.43,Classical
Muzio Clementi,Sonata Op. 24/2,train,2006,midi/classical/CLA_044_Muzio_Clementi_Sonata_Op_24_2.midi,audio/classical/CLA_044_Muzio_Clementi_Sonata_Op_24_2.wav,653.23,Classical
Muzio Clementi,"Sonata Op. 25 No. 5 in F-sharp Minor, First Movement",train,2011,midi/classical/CLA_045_Muzio_Clementi_Sonata_Op_25_No_5_in_F-sh.midi,audio/classical/CLA_045_Muzio_Clementi_Sonata_Op_25_No_5_in_F-sh.wav,245.82,Classical
Muzio Clementi,"Sonata in B-flat Major, Op.24, No. 2",test,2009,midi/classical/CLA_046_Muzio_Clementi_Sonata_in_B-flat_Major_Op.midi,audio/classical/CLA_046_Muzio_Clementi_Sonata_in_B-flat_Major_Op.wav,642.48,Classical
Muzio Clementi,Sonata in F# Min,train,2006,midi/classical/CLA_047_Muzio_Clementi_Sonata_in_F_Min.midi,audio/classical/CLA_047_Muzio_Clementi_Sonata_in_F_Min.wav,649.1,Classical
Muzio Clementi,"Sonata in F-sharp minor, op. 25 no. 5, 1st mov.",train,2013,midi/classical/CLA_048_Muzio_Clementi_Sonata_in_F-sharp_minor_o.midi,audio/classical/CLA_048_Muzio_Clementi_Sonata_in_F-sharp_minor_o.wav,273.19,Classical
Wolfgang Amadeus Mozart,Fantasy in C Min,train,2006,midi/classical/CLA_049_Wolfgang_Amadeus_Mozart_Fantasy_in_C_Min.midi,audio/classical/CLA_049_Wolfgang_Amadeus_Mozart_Fantasy_in_C_Min.wav,691.77,Classical
Wolfgang Amadeus Mozart,"Nine Variations, K. 264",train,2009,midi/classical/CLA_050_Wolfgang_Amadeus_Mozart_Nine_Variations_K_264.midi,audio/classical/CLA_050_Wolfgang_Amadeus_Mozart_Nine_Variations_K_264.wav,735.75,Classical
Wolfgang Amadeus Mozart,"Nine variations on a minuet by Duport, K537",train,2018,midi/classical/CLA_051_Wolfgang_Amadeus_Mozart_Nine_variations_on_a_minu.midi,audio/classical/CLA_051_Wolfgang_Amadeus_Mozart_Nine_variations_on_a_minu.wav,581.41,Classical
Wolfgang Amadeus Mozart,"Rondo in A Minor,  K. 511",validation,2011,midi/classical/CLA_052_Wolfgang_Amadeus_Mozart_Rondo_in_A_Minor_K_511.midi,audio/classical/CLA_052_Wolfgang_Amadeus_Mozart_Rondo_in_A_Minor_K_511.wav,500.82,Classical
Wolfgang Amadeus Mozart,Sonata K. 457,train,2006,midi/classical/CLA_053_Wolfgang_Amadeus_Mozart_Sonata_K_457.midi,audio/classical/CLA_053_Wolfgang_Amadeus_Mozart_Sonata_K_457.wav,937.04,Classical
Wolfgang Amadeus Mozart,"Sonata K. 457 in C minor, I. Allegro molto",train,2015,midi/classical/CLA_054_Wolfgang_Amadeus_Mozart_Sonata_K_457_in_C_minor_I.midi,audio/classical/CLA_054_Wolfgang_Amadeus_Mozart_Sonata_K_457_in_C_minor_I.wav,228.58,Classical
Wolfgang Amadeus Mozart,"Sonata in B-flat Major, K 333, First Movement",train,2008,midi/classical/CLA_055_Wolfgang_Amadeus_Mozart_Sonata_in_B-flat_Major_K_.midi,audio/classical/CLA_055_Wolfgang_Amadeus_Mozart_Sonata_in_B-flat_Major_K_.wav,299.1,Classical
Wolfgang Amadeus Mozart,"Sonata in B-flat Major, K. 281, First Movement",train,2011,midi/classical/CLA_056_Wolfgang_Amadeus_Mozart_Sonata_in_B-flat_Major_K_.midi,audio/classical/CLA_056_Wolfgang_Amadeus_Mozart_Sonata_in_B-flat_Major_K_.wav,183.09,Classical
Wolfgang Amadeus Mozart,"Sonata in B-flat Major, K. 333, 1st mov.",train,2013,midi/classical/CLA_057_Wolfgang_Amadeus_Mozart_Sonata_in_B-flat_Major_K_.midi,audio/classical/CLA_057_Wolfgang_Amadeus_Mozart_Sonata_in_B-flat_Major_K_.wav,307.33,Classical
Wolfgang Amadeus Mozart,"Sonata in B-flat Major, K. 333, I. Allegro",train,2017,midi/classical/CLA_058_Wolfgang_Amadeus_Mozart_Sonata_in_B-flat_Major_K_.midi,audio/classical/CLA_058_Wolfgang_Amadeus_Mozart_Sonata_in_B-flat_Major_K_.wav,301.94,Classical
Wolfgang Amadeus Mozart,"Sonata in B-flat Major, K. 570, 1st mov.",validation,2013,midi/classical/CLA_059_Wolfgang_Amadeus_Mozart_Sonata_in_B-flat_Major_K_.midi,audio/classical/CLA_059_Wolfgang_Amadeus_Mozart_Sonata_in_B-flat_Major_K_.wav,261.8,Classical
Wolfgang Amadeus Mozart,"Sonata in B-flat Major, K.281",train,2009,midi/classical/CLA_060_Wolfgang_Amadeus_Mozart_Sonata_in_B-flat_Major_K_.midi,audio/classical/CLA_060_Wolfgang_Amadeus_Mozart_Sonata_in_B-flat_Major_K_.wav,672.15,Classical
Wolfgang Amadeus Mozart,"Sonata in C Major, K 330, I. Allegro moderato",validation,2015,midi/classical/CLA_061_Wolfgang_Amadeus_Mozart_Sonata_in_C_Major_K_330_I.midi,audio/classical/CLA_061_Wolfgang_Amadeus_Mozart_Sonata_in_C_Major_K_330_I.wav,257.27,Classical
Wolfgang Amadeus Mozart,"Sonata in C Major, K279",train,2015,midi/classical/CLA_062_Wolfgang_Amadeus_Mozart_Sonata_in_C_Major_K279.midi,audio/classical/CLA_062_Wolfgang_Amadeus_Mozart_Sonata_in_C_Major_K279.wav,598.59,Classical
Wolfgang Amadeus Mozart,"Sonata in C Minor K457, First Movement",train,2008,midi/classical/CLA_063_Wolfgang_Amadeus_Mozart_Sonata_in_C_Minor_K457_Fi.midi,audio/classical/CLA_063_Wolfgang_Amadeus_Mozart_Sonata_in_C_Minor_K457_Fi.wav,230.64,Classical
Wolfgang Amadeus Mozart,"Sonata in C Minor, K. 457",train,2018,midi/classical/CLA_064_Wolfgang_Amadeus_Mozart_Sonata_in_C_Minor_K_457.midi,audio/classical/CLA_064_Wolfgang_Amadeus_Mozart_Sonata_in_C_Minor_K_457.wav,1070.45,Classical
Wolfgang Amadeus Mozart,"Sonata in C Minor, K. 457, 1st mov.",train,2013,midi/classical/CLA_065_Wolfgang_Amadeus_Mozart_Sonata_in_C_Minor_K_457_1.midi,audio/classical/CLA_065_Wolfgang_Amadeus_Mozart_Sonata_in_C_Minor_K_457_1.wav,239.55,Classical
Wolfgang Amadeus Mozart,Sonata in D Major K576,train,2018,midi/classical/CLA_066_Wolfgang_Amadeus_Mozart_Sonata_in_D_Major_K576.midi,audio/classical/CLA_066_Wolfgang_Amadeus_Mozart_Sonata_in_D_Major_K576.wav,803.47,Classical
Wolfgang Amadeus Mozart,"Sonata in D Major, K 284, First Movement",train,2008,midi/classical/CLA_067_Wolfgang_Amadeus_Mozart_Sonata_in_D_Major_K_284_F.midi,audio/classical/CLA_067_Wolfgang_Amadeus_Mozart_Sonata_in_D_Major_K_284_F.wav,267.5,Classical
Wolfgang Amadeus Mozart,"Sonata in D Major, K 576, First Movement",test,2008,midi/classical/CLA_068_Wolfgang_Amadeus_Mozart_Sonata_in_D_Major_K_576_F.midi,audio/classical/CLA_068_Wolfgang_Amadeus_Mozart_Sonata_in_D_Major_K_576_F.wav,236.25,Classical
Wolfgang Amadeus Mozart,"Sonata in D Major, K. 284, First Movement",train,2011,midi/classical/CLA_069_Wolfgang_Amadeus_Mozart_Sonata_in_D_Major_K_284_F.midi,audio/classical/CLA_069_Wolfgang_Amadeus_Mozart_Sonata_in_D_Major_K_284_F.wav,205.24,Classical
Wolfgang Amadeus Mozart,"Sonata in D Major, K. 311",train,2009,midi/classical/CLA_070_Wolfgang_Amadeus_Mozart_Sonata_in_D_Major_K_311.midi,audio/classical/CLA_070_Wolfgang_Amadeus_Mozart_Sonata_in_D_Major_K_311.wav,910.28,Classical
Wolfgang Amadeus Mozart,"Sonata in D Major, K. 576 (Complete)",train,2014,midi/classical/CLA_071_Wolfgang_Amadeus_Mozart_Sonata_in_D_Major_K_576_C.midi,audio/classical/CLA_071_Wolfgang_Amadeus_Mozart_Sonata_in_D_Major_K_576_C.wav,790.82,Classical
Wolfgang Amadeus Mozart,"Sonata in D Major, K. 576, I - Allegro",train,2013,midi/classical/CLA_072_Wolfgang_Amadeus_Mozart_Sonata_in_D_Major_K_576_I.midi,audio/classical/CLA_072_Wolfgang_Amadeus_Mozart_Sonata_in_D_Major_K_576_I.wav,214.96,Classical
Wolfgang Amadeus Mozart,"Sonata in D Major, K. 576, II - Adagio",validation,2013,midi/classical/CLA_073_Wolfgang_Amadeus_Mozart_Sonata_in_D_Major_K_576_I.midi,audio/classical/CLA_073_Wolfgang_Amadeus_Mozart_Sonata_in_D_Major_K_576_I.wav,285.36,Classical
Wolfgang Amadeus Mozart,"Sonata in D Major, K.311",train,2009,midi/classical/CLA_074_Wolfgang_Amadeus_Mozart_Sonata_in_D_Major_K_311.midi,audio/classical/CLA_074_Wolfgang_Amadeus_Mozart_Sonata_in_D_Major_K_311.wav,792.42,Classical
Wolfgang Amadeus Mozart,"Sonata in D-Major, K. 311, First Movement",train,2011,midi/classical/CLA_075_Wolfgang_Amadeus_Mozart_Sonata_in_D-Major_K_311_F.midi,audio/classical/CLA_075_Wolfgang_Amadeus_Mozart_Sonata_in_D-Major_K_311_F.wav,194.1,Classical
Wolfgang Amadeus Mozart,Sonata in F,train,2006,midi/classical/CLA_076_Wolfgang_Amadeus_Mozart_Sonata_in_F.midi,audio/classical/CLA_076_Wolfgang_Amadeus_Mozart_Sonata_in_F.wav,1075.49,Classical
Wolfgang Amadeus Mozart,Sonata in F K332,train,2006,midi/classical/CLA_077_Wolfgang_Amadeus_Mozart_Sonata_in_F_K332.midi,audio/classical/CLA_077_Wolfgang_Amadeus_Mozart_Sonata_in_F_K332.wav,901.96,Classical
Wolfgang Amadeus Mozart,"Sonata in F Major, K 332 (Complete)",train,2015,midi/classical/CLA_078_Wolfgang_Amadeus_Mozart_Sonata_in_F_Major_K_332_C.midi,audio/classical/CLA_078_Wolfgang_Amadeus_Mozart_Sonata_in_F_Major_K_332_C.wav,908.79,Classical
Wolfgang Amadeus Mozart,"Sonata in F Major, K 332 (Complete)",train,2015,midi/classical/CLA_079_Wolfgang_Amadeus_Mozart_Sonata_in_F_Major_K_332_C.midi,audio/classical/CLA_079_Wolfgang_Amadeus_Mozart_Sonata_in_F_Major_K_332_C.wav,832.53,Classical
Wolfgang Amadeus Mozart,"Sonata in F Major, K. 280, 1st mov.",train,2013,midi/classical/CLA_080_Wolfgang_Amadeus_Mozart_Sonata_in_F_Major_K_280_1.midi,audio/classical/CLA_080_Wolfgang_Amadeus_Mozart_Sonata_in_F_Major_K_280_1.wav,192.61,Classical
Wolfgang Amadeus Mozart,"Sonata in F Major, K280",train,2004,midi/classical/CLA_081_Wolfgang_Amadeus_Mozart_Sonata_in_F_Major_K280.midi,audio/classical/CLA_081_Wolfgang_Amadeus_Mozart_Sonata_in_F_Major_K280.wav,245.32,Classical
Wolfgang Amadeus Mozart,"Sonata in F Major, K280",train,2004,midi/classical/CLA_082_Wolfgang_Amadeus_Mozart_Sonata_in_F_Major_K280.midi,audio/classical/CLA_082_Wolfgang_Amadeus_Mozart_Sonata_in_F_Major_K280.wav,241.47,Classical
Wolfgang Amadeus Mozart,"Sonata in F Major, K280",train,2004,midi/classical/CLA_083_Wolfgang_Amadeus_Mozart_Sonata_in_F_Major_K280.midi,audio/classical/CLA_083_Wolfgang_Amadeus_Mozart_Sonata_in_F_Major_K280.wav,114.7,Classical
Wolfgang Amadeus Mozart,"Sonata in F Major, K533",test,2004,midi/classical/CLA_084_Wolfgang_Amadeus_Mozart_Sonata_in_F_Major_K533.midi,audio/classical/CLA_084_Wolfgang_Amadeus_Mozart_Sonata_in_F_Major_K533.wav,1139.2,Classical
Wolfgang Amadeus Mozart,"Sonata in F Major, K533/K494",test,2018,midi/classical/CLA_085_Wolfgang_Amadeus_Mozart_Sonata_in_F_Major_K533_K4.midi,audio/classical/CLA_085_Wolfgang_Amadeus_Mozart_Sonata_in_F_Major_K533_K4.wav,1068.75,Classical
Wolfgang Amadeus Mozart,"Twelve Variations, K179 (189a)",train,2004,midi/classical/CLA_086_Wolfgang_Amadeus_Mozart_Twelve_Variations_K179_18.midi,audio/classical/CLA_086_Wolfgang_Amadeus_Mozart_Twelve_Variations_K179_18.wav,630.27,Classical
Ludwig van Beethoven,"Sonata No. 21, Op. 53, ""Waldstein"", I. Allegro con brio",validation,2017,midi/classical/CLA_087_Ludwig_van_Beethoven_Sonata_No_21_Op_53_Waldst.midi,audio/classical/CLA_087_Ludwig_van_Beethoven_Sonata_No_21_Op_53_Waldst.wav,637.07,Classical
Ludwig van Beethoven,"Sonata No. 7, Op. 10 No. 3 in D Major, I. Presto",train,2017,midi/classical/CLA_088_Ludwig_van_Beethoven_Sonata_No_7_Op_10_No_3_in.midi,audio/classical/CLA_088_Ludwig_van_Beethoven_Sonata_No_7_Op_10_No_3_in.wav,304.53,Classical
Ludwig van Beethoven,"Sonata No. 17, Op. 31 No. 2 in D Minor ""Tempest"", I. Largo-Allegro",test,2017,midi/classical/CLA_089_Ludwig_van_Beethoven_Sonata_No_17_Op_31_No_2_i.midi,audio/classical/CLA_089_Ludwig_van_Beethoven_Sonata_No_17_Op_31_No_2_i.wav,355.35,Classical
Ludwig van Beethoven,"Sonata No. 16 in G Major, Op. 31 No. 1, First movement",train,2008,midi/classical/CLA_090_Ludwig_van_Beethoven_Sonata_No_16_in_G_Major_O.midi,audio/classical/CLA_090_Ludwig_van_Beethoven_Sonata_No_16_in_G_Major_O.wav,277.58,Classical
Ludwig van Beethoven,"Sonata No. 21 in C major, Op. 53, 1st mov.",train,2013,midi/classical/CLA_091_Ludwig_van_Beethoven_Sonata_No_21_in_C_major_O.midi,audio/classical/CLA_091_Ludwig_van_Beethoven_Sonata_No_21_in_C_major_O.wav,507.0,Classical
Ludwig van Beethoven,"Thirty-Two Variaions in C Minor, WoO80",train,2011,midi/classical/CLA_092_Ludwig_van_Beethoven_Thirty-Two_Variaions_in_C.midi,audio/classical/CLA_092_Ludwig_van_Beethoven_Thirty-Two_Variaions_in_C.wav,582.6,Classical
Ludwig van Beethoven,"Sonata No. 18 in E-flat Major, Op. 31 No. 3, First Movement",train,2008,midi/classical/CLA_093_Ludwig_van_Beethoven_Sonata_No_18_in_E-flat_Ma.midi,audio/classical/CLA_093_Ludwig_van_Beethoven_Sonata_No_18_in_E-flat_Ma.wav,351.67,Classical
Ludwig van Beethoven,"Sonata No. 31 in A-flat Major, Op. 110 (Complete)",train,2014,midi/classical/CLA_094_Ludwig_van_Beethoven_Sonata_No_31_in_A-flat_Ma.midi,audio/classical/CLA_094_Ludwig_van_Beethoven_Sonata_No_31_in_A-flat_Ma.wav,1063.92,Classical
Ludwig van Beethoven,"Sonata No. 27 in E Minor, Op. 90, First Movement",train,2008,midi/classical/CLA_095_Ludwig_van_Beethoven_Sonata_No_27_in_E_Minor_O.midi,audio/classical/CLA_095_Ludwig_van_Beethoven_Sonata_No_27_in_E_Minor_O.wav,308.54,Classical
Ludwig van Beethoven,"Sonata No. 16 in G Major, Op. 31 No. 1, First Movement",test,2008,midi/classical/CLA_096_Ludwig_van_Beethoven_Sonata_No_16_in_G_Major_O.midi,audio/classical/CLA_096_Ludwig_van_Beethoven_Sonata_No_16_in_G_Major_O.wav,283.81,Classical
Ludwig van Beethoven,"Sonata No. 11 in E-flat Major, Op. 22 (Complete)",train,2014,midi/classical/CLA_097_Ludwig_van_Beethoven_Sonata_No_11_in_E-flat_Ma.midi,audio/classical/CLA_097_Ludwig_van_Beethoven_Sonata_No_11_in_E-flat_Ma.wav,1320.41,Classical
Ludwig van Beethoven,"Sonata in D minor, Op. 31, No. 2",train,2004,midi/classical/CLA_098_Ludwig_van_Beethoven_Sonata_in_D_minor_Op_31_N.midi,audio/classical/CLA_098_Ludwig_van_Beethoven_Sonata_in_D_minor_Op_31_N.wav,781.78,Classical
Ludwig van Beethoven,"Thirty-Two Variations in C Minor, WoO 80",train,2017,midi/classical/CLA_099_Ludwig_van_Beethoven_Thirty-Two_Variations_in_.midi,audio/classical/CLA_099_Ludwig_van_Beethoven_Thirty-Two_Variations_in_.wav,598.05,Classical
Ludwig van Beethoven,"Sonata No. 31 in A-Flat Major, Op. 110 (Complete)",train,2014,midi/classical/CLA_100_Ludwig_van_Beethoven_Sonata_No_31_in_A-Flat_Ma.midi,audio/classical/CLA_100_Ludwig_van_Beethoven_Sonata_No_31_in_A-Flat_Ma.wav,1137.44,Classical
Ludwig van Beethoven,"Thirty-Two Variations in C Minor, WoO 80",train,2017,midi/classical/CLA_101_Ludwig_van_Beethoven_Thirty-Two_Variations_in_.midi,audio/classical/CLA_101_Ludwig_van_Beethoven_Thirty-Two_Variations_in_.wav,607.64,Classical
Ludwig van Beethoven,"Sonata No. 21 in C Major, Op. 53, ""Waldstein"", First Movement",train,2011,midi/classical/CLA_102_Ludwig_van_Beethoven_Sonata_No_21_in_C_Major_O.midi,audio/classical/CLA_102_Ludwig_van_Beethoven_Sonata_No_21_in_C_Major_O.wav,521.56,Classical
Ludwig van Beethoven,"Sonata No. 26 in 3-flat Major, Op. 81a (2nd & 3rd Movements)",train,2004,midi/classical/CLA_103_Ludwig_van_Beethoven_Sonata_No_26_in_3-flat_Ma.midi,audio/classical/CLA_103_Ludwig_van_Beethoven_Sonata_No_26_in_3-flat_Ma.wav,316.57,Classical
Ludwig van Beethoven,"Thirty-Two Variations in C Minor, WoO 80",train,2017,midi/classical/CLA_104_Ludwig_van_Beethoven_Thirty-Two_Variations_in_.midi,audio/classical/CLA_104_Ludwig_van_Beethoven_Thirty-Two_Variations_in_.wav,679.71,Classical
Ludwig van Beethoven,"Sonata No. 18 in E-flat Major, Op. 31 No. 3, First Movement",train,2008,midi/classical/CLA_105_Ludwig_van_Beethoven_Sonata_No_18_in_E-flat_Ma.midi,audio/classical/CLA_105_Ludwig_van_Beethoven_Sonata_No_18_in_E-flat_Ma.wav,352.35,Classical
Ludwig van Beethoven,"Sonata No. 23 in F Minor, Op. 57, First movement",train,2011,midi/classical/CLA_106_Ludwig_van_Beethoven_Sonata_No_23_in_F_Minor_O.midi,audio/classical/CLA_106_Ludwig_van_Beethoven_Sonata_No_23_in_F_Minor_O.wav,568.35,Classical
Ludwig van Beethoven,"Sonata No. 7 in D Major, Op. 10 No. 3, First Movement",train,2011,midi/classical/CLA_107_Ludwig_van_Beethoven_Sonata_No_7_in_D_Major_Op.midi,audio/classical/CLA_107_Ludwig_van_Beethoven_Sonata_No_7_in_D_Major_Op.wav,278.13,Classical
Ludwig van Beethoven,"Thirty-Two Variaions in C Minor, WoO80",train,2011,midi/classical/CLA_108_Ludwig_van_Beethoven_Thirty-Two_Variaions_in_C.midi,audio/classical/CLA_108_Ludwig_van_Beethoven_Thirty-Two_Variaions_in_C.wav,630.74,Classical
Ludwig van Beethoven,"Sonata No. 11 in B-flat Major, Op. 22, I. Allegro con brio",train,2015,midi/classical/CLA_109_Ludwig_van_Beethoven_Sonata_No_11_in_B-flat_Ma.midi,audio/classical/CLA_109_Ludwig_van_Beethoven_Sonata_No_11_in_B-flat_Ma.wav,318.44,Classical
Ludwig van Beethoven,"Sonata No. 27, Op. 90, I. Mit Lebhaftigkeit und durchaus mit Empfindung und Ausdruck",train,2017,midi/classical/CLA_110_Ludwig_van_Beethoven_Sonata_No_27_Op_90_I_Mit_.midi,audio/classical/CLA_110_Ludwig_van_Beethoven_Sonata_No_27_Op_90_I_Mit_.wav,318.42,Classical
Ludwig van Beethoven,"Sonata No. 18 in E-flat Major, Op. 31, No. 3 (Complete)",validation,2014,midi/classical/CLA_111_Ludwig_van_Beethoven_Sonata_No_18_in_E-flat_Ma.midi,audio/classical/CLA_111_Ludwig_van_Beethoven_Sonata_No_18_in_E-flat_Ma.wav,1206.22,Classical
Ludwig van Beethoven,"Sonata No. 7 in D Major, Op. 10 No. 3",train,2018,midi/classical/CLA_112_Ludwig_van_Beethoven_Sonata_No_7_in_D_Major_Op.midi,audio/classical/CLA_112_Ludwig_van_Beethoven_Sonata_No_7_in_D_Major_Op.wav,1254.06,Classical
Ludwig van Beethoven,"Sonata No. 26 in E-flat Major, Op. 81a, I. Das Lebewohl. Adagio - Allegro",test,2015,midi/classical/CLA_113_Ludwig_van_Beethoven_Sonata_No_26_in_E-flat_Ma.midi,audio/classical/CLA_113_Ludwig_van_Beethoven_Sonata_No_26_in_E-flat_Ma.wav,407.46,Classical
Ludwig van Beethoven,Sonata Op. 101,train,2006,midi/classical/CLA_114_Ludwig_van_Beethoven_Sonata_Op_101.midi,audio/classical/CLA_114_Ludwig_van_Beethoven_Sonata_Op_101.wav,1256.11,Classical
Ludwig van Beethoven,"Sonata in D minor, Op. 31, No. 2",train,2004,midi/classical/CLA_115_Ludwig_van_Beethoven_Sonata_in_D_minor_Op_31_N.midi,audio/classical/CLA_115_Ludwig_van_Beethoven_Sonata_in_D_minor_Op_31_N.wav,497.07,Classical
Ludwig van Beethoven,"Sonata No. 10 in G Major, Op. 14 No. 2, First Movement",train,2011,midi/classical/CLA_116_Ludwig_van_Beethoven_Sonata_No_10_in_G_Major_O.midi,audio/classical/CLA_116_Ludwig_van_Beethoven_Sonata_No_10_in_G_Major_O.wav,278.94,Classical
Ludwig van Beethoven,"Bagtellen, Op.126",train,2009,midi/classical/CLA_117_Ludwig_van_Beethoven_Bagtellen_Op_126.midi,audio/classical/CLA_117_Ludwig_van_Beethoven_Bagtellen_Op_126.wav,1136.37,Classical
Ludwig van Beethoven,"Sonata No. 17, Op. 31 No. 2 in D Minor ""Tempest"", I. Largo-Allegro",train,2017,midi/classical/CLA_118_Ludwig_van_Beethoven_Sonata_No_17_Op_31_No_2_i.midi,audio/classical/CLA_118_Ludwig_van_Beethoven_Sonata_No_17_Op_31_No_2_i.wav,380.42,Classical
Ludwig van Beethoven,"Thirty-Two Variations  in C Minor, WoO 80",validation,2015,midi/classical/CLA_119_Ludwig_van_Beethoven_Thirty-Two_Variations_in_.midi,audio/classical/CLA_119_Ludwig_van_Beethoven_Thirty-Two_Variations_in_.wav,649.67,Classical
Ludwig van Beethoven,"Thirty-Two Variations in C Minor, WoO 80",train,2008,midi/classical/CLA_120_Ludwig_van_Beethoven_Thirty-Two_Variations_in_.midi,audio/classical/CLA_120_Ludwig_van_Beethoven_Thirty-Two_Variations_in_.wav,618.5,Classical
Ludwig van Beethoven,"Sonata No. 16 Op. 31 No. 1 in G Major, I. Allegro vivace",train,2017,midi/classical/CLA_121_Ludwig_van_Beethoven_Sonata_No_16_Op_31_No_1_i.midi,audio/classical/CLA_121_Ludwig_van_Beethoven_Sonata_No_16_Op_31_No_1_i.wav,281.44,Classical
Ludwig van Beethoven,"Sonata No. 11 in B-flat Major, Op. 22, I. Allegro con brio",train,2015,midi/classical/CLA_122_Ludwig_van_Beethoven_Sonata_No_11_in_B-flat_Ma.midi,audio/classical/CLA_122_Ludwig_van_Beethoven_Sonata_No_11_in_B-flat_Ma.wav,336.26,Classical
Ludwig van Beethoven,"Thirty-Two Variations in C Minor, WoO 80",train,2017,midi/classical/CLA_123_Ludwig_van_Beethoven_Thirty-Two_Variations_in_.midi,audio/classical/CLA_123_Ludwig_van_Beethoven_Thirty-Two_Variations_in_.wav,599.89,Classical
Ludwig van Beethoven,"Sonata No. 32 in C minor, Op. 111",train,2018,midi/classical/CLA_124_Ludwig_van_Beethoven_Sonata_No_32_in_C_minor_O.midi,audio/classical/CLA_124_Ludwig_van_Beethoven_Sonata_No_32_in_C_minor_O.wav,1590.1,Classical
Ludwig van Beethoven,"Sonata No. 28 in A Major, Op. 101 (Complete)",train,2014,midi/classical/CLA_125_Ludwig_van_Beethoven_Sonata_No_28_in_A_Major_O.midi,audio/classical/CLA_125_Ludwig_van_Beethoven_Sonata_No_28_in_A_Major_O.wav,1201.08,Classical
Ludwig van Beethoven,"Sonata No. 23 in F Minor, Op. 57 (Complete)",train,2015,midi/classical/CLA_126_Ludwig_van_Beethoven_Sonata_No_23_in_F_Minor_O.midi,audio/classical/CLA_126_Ludwig_van_Beethoven_Sonata_No_23_in_F_Minor_O.wav,1251.29,Classical
Ludwig van Beethoven,"Thirty-Two Variations in C Minor, WoO 80",test,2017,midi/classical/CLA_127_Ludwig_van_Beethoven_Thirty-Two_Variations_in_.midi,audio/classical/CLA_127_Ludwig_van_Beethoven_Thirty-Two_Variations_in_.wav,604.84,Classical
Ludwig van Beethoven,"Thirty-Two Variations in C Minor, WoO 80",train,2013,midi/classical/CLA_128_Ludwig_van_Beethoven_Thirty-Two_Variations_in_.midi,audio/classical/CLA_128_Ludwig_van_Beethoven_Thirty-Two_Variations_in_.wav,663.11,Classical
Ludwig van Beethoven,"Sonata in C Major, Op. 2 No. 3, 1st mov.",train,2013,midi/classical/CLA_129_Ludwig_van_Beethoven_Sonata_in_C_Major_Op_2_No.midi,audio/classical/CLA_129_Ludwig_van_Beethoven_Sonata_in_C_Major_Op_2_No.wav,422.97,Classical
Ludwig van Beethoven,"15 Variations and Fugue in Eb on an Original Theme ('Eroica Variations'), Op.35",train,2004,midi/classical/CLA_130_Ludwig_van_Beethoven_15_Variations_and_Fugue_i.midi,audio/classical/CLA_130_Ludwig_van_Beethoven_15_Variations_and_Fugue_i.wav,1402.55,Classical
Ludwig van Beethoven,"Sonata in E Major, Op. 14, No. 1",validation,2009,midi/classical/CLA_131_Ludwig_van_Beethoven_Sonata_in_E_Major_Op_14_N.midi,audio/classical/CLA_131_Ludwig_van_Beethoven_Sonata_in_E_Major_Op_14_N.wav,753.74,Classical
Ludwig van Beethoven,"Thirty-Two Variations in C Minor, WoO 80",train,2013,midi/classical/CLA_132_Ludwig_van_Beethoven_Thirty-Two_Variations_in_.midi,audio/classical/CLA_132_Ludwig_van_Beethoven_Thirty-Two_Variations_in_.wav,602.16,Classical
Ludwig van Beethoven,"Sonata No. 17, Op. 31 No. 2 in D Minor ""Tempest"", I. Largo-Allegro",train,2017,midi/classical/CLA_133_Ludwig_van_Beethoven_Sonata_No_17_Op_31_No_2_i.midi,audio/classical/CLA_133_Ludwig_van_Beethoven_Sonata_No_17_Op_31_No_2_i.wav,384.56,Classical
Ludwig van Beethoven,"Sonata No. 21 in C Major, Op. 53, I. Allegro con brio",train,2015,midi/classical/CLA_134_Ludwig_van_Beethoven_Sonata_No_21_in_C_Major_O.midi,audio/classical/CLA_134_Ludwig_van_Beethoven_Sonata_No_21_in_C_Major_O.wav,484.23,Classical
Ludwig van Beethoven,Sonata Op. 54 in F Major,train,2004,midi/classical/CLA_135_Ludwig_van_Beethoven_Sonata_Op_54_in_F_Major.midi,audio/classical/CLA_135_Ludwig_van_Beethoven_Sonata_Op_54_in_F_Major.wav,534.52,Classical
Ludwig van Beethoven,"Sonata No. 17 in D minor, Op. 31 No. 2, 1st mov.",train,2013,midi/classical/CLA_136_Ludwig_van_Beethoven_Sonata_No_17_in_D_minor_O.midi,audio/classical/CLA_136_Ludwig_van_Beethoven_Sonata_No_17_in_D_minor_O.wav,340.15,Classical
Ludwig van Beethoven,"Sonata No. 17, Op. 31 No. 2 in D Minor ""Tempest"", I. Largo-Allegro",train,2017,midi/classical/CLA_137_Ludwig_van_Beethoven_Sonata_No_17_Op_31_No_2_i.midi,audio/classical/CLA_137_Ludwig_van_Beethoven_Sonata_No_17_Op_31_No_2_i.wav,376.12,Classical
Ludwig van Beethoven,"Sonata No. 17 in D Minor, Op. 31 No. 2, First Movement",train,2011,midi/classical/CLA_138_Ludwig_van_Beethoven_Sonata_No_17_in_D_Minor_O.midi,audio/classical/CLA_138_Ludwig_van_Beethoven_Sonata_No_17_in_D_Minor_O.wav,360.05,Classical
Ludwig van Beethoven,"Sonata No. 31 in A-flat Major, Op. 110, First movement",train,2011,midi/classical/CLA_139_Ludwig_van_Beethoven_Sonata_No_31_in_A-flat_Ma.midi,audio/classical/CLA_139_Ludwig_van_Beethoven_Sonata_No_31_in_A-flat_Ma.wav,397.22,Classical
Ludwig van Beethoven,"Sonata No. 28 in A Major, Op. 101 (Complete)",train,2014,midi/classical/CLA_140_Ludwig_van_Beethoven_Sonata_No_28_in_A_Major_O.midi,audio/classical/CLA_140_Ludwig_van_Beethoven_Sonata_No_28_in_A_Major_O.wav,1162.39,Classical
Ludwig van Beethoven,"Sonata No. 21, Op. 53, ""Waldstein"", I. Allegro con brio",test,2017,midi/classical/CLA_141_Ludwig_van_Beethoven_Sonata_No_21_Op_53_Waldst.midi,audio/classical/CLA_141_Ludwig_van_Beethoven_Sonata_No_21_Op_53_Waldst.wav,473.19,Classical
Ludwig van Beethoven,"Sonata No. 15 in D Major, Op. 28, I. Allegro",validation,2017,midi/classical/CLA_142_Ludwig_van_Beethoven_Sonata_No_15_in_D_Major_O.midi,audio/classical/CLA_142_Ludwig_van_Beethoven_Sonata_No_15_in_D_Major_O.wav,454.74,Classical
Ludwig van Beethoven,"Sonata No. 7, Op. 10 No. 3 in D Major, I. Presto",test,2017,midi/classical/CLA_143_Ludwig_van_Beethoven_Sonata_No_7_Op_10_No_3_in.midi,audio/classical/CLA_143_Ludwig_van_Beethoven_Sonata_No_7_Op_10_No_3_in.wav,289.1,Classical
Ludwig van Beethoven,"Sonata No. 21 in C Major, Op. 53, First Movement",train,2008,midi/classical/CLA_144_Ludwig_van_Beethoven_Sonata_No_21_in_C_Major_O.midi,audio/classical/CLA_144_Ludwig_van_Beethoven_Sonata_No_21_in_C_Major_O.wav,481.75,Classical
Ludwig van Beethoven,"Sonata No. 23, Op. 57 in F Minor, ""Appassionata"", I. Allegro assai",train,2017,midi/classical/CLA_145_Ludwig_van_Beethoven_Sonata_No_23_Op_57_in_F_M.midi,audio/classical/CLA_145_Ludwig_van_Beethoven_Sonata_No_23_Op_57_in_F_M.wav,515.41,Classical
Ludwig van Beethoven,"Sonata No. 4 in E-flat Major, Op. 7, 1st mov.",train,2013,midi/classical/CLA_146_Ludwig_van_Beethoven_Sonata_No_4_in_E-flat_Maj.midi,audio/classical/CLA_146_Ludwig_van_Beethoven_Sonata_No_4_in_E-flat_Maj.wav,330.76,Classical
Ludwig van Beethoven,"Sonata No. 17 in D Minor, Op. 31 No. 2, First Movement",train,2011,midi/classical/CLA_147_Ludwig_van_Beethoven_Sonata_No_17_in_D_Minor_O.midi,audio/classical/CLA_147_Ludwig_van_Beethoven_Sonata_No_17_in_D_Minor_O.wav,397.77,Classical
Ludwig van Beethoven,"Sonata No. 27 in E Minor, Op. 90",train,2018,midi/classical/CLA_148_Ludwig_van_Beethoven_Sonata_No_27_in_E_Minor_O.midi,audio/classical/CLA_148_Ludwig_van_Beethoven_Sonata_No_27_in_E_Minor_O.wav,760.28,Classical
Ludwig van Beethoven,"Sonata No. 32 in C Minor, Op. 111",train,2009,midi/classical/CLA_149_Ludwig_van_Beethoven_Sonata_No_32_in_C_Minor_O.midi,audio/classical/CLA_149_Ludwig_van_Beethoven_Sonata_No_32_in_C_Minor_O.wav,1603.11,Classical
Ludwig van Beethoven,"Sonata in A-flat, Op. 110",train,2009,midi/classical/CLA_150_Ludwig_van_Beethoven_Sonata_in_A-flat_Op_110.midi,audio/classical/CLA_150_Ludwig_van_Beethoven_Sonata_in_A-flat_Op_110.wav,1183.0,Classical
Ludwig van Beethoven,"Sonata No. 21, Op. 53, ""Waldstein"", I. Allegro con brio",validation,2017,midi/classical/CLA_151_Ludwig_van_Beethoven_Sonata_No_21_Op_53_Waldst.midi,audio/classical/CLA_151_Ludwig_van_Beethoven_Sonata_No_21_Op_53_Waldst.wav,501.52,Classical
Ludwig van Beethoven,"Sonata in D Minor, Op. 31 No. 2 ""Tempest""",test,2018,midi/classical/CLA_152_Ludwig_van_Beethoven_Sonata_in_D_Minor_Op_31_N.midi,audio/classical/CLA_152_Ludwig_van_Beethoven_Sonata_in_D_Minor_Op_31_N.wav,1451.4,Classical
Ludwig van Beethoven,"Thirty-Two Variations in C minor, WoO 80",train,2013,midi/classical/CLA_153_Ludwig_van_Beethoven_Thirty-Two_Variations_in_.midi,audio/classical/CLA_153_Ludwig_van_Beethoven_Thirty-Two_Variations_in_.wav,590.6,Classical
Ludwig van Beethoven,"Sonata No. 21 in  C Major, Op. 53",train,2009,midi/classical/CLA_154_Ludwig_van_Beethoven_Sonata_No_21_in_C_Major_O.midi,audio/classical/CLA_154_Ludwig_van_Beethoven_Sonata_No_21_in_C_Major_O.wav,1344.34,Classical
Ludwig van Beethoven,"Sonata No. 4 in E-flat Major, Op. 7, 1st mov.",train,2013,midi/classical/CLA_155_Ludwig_van_Beethoven_Sonata_No_4_in_E-flat_Maj.midi,audio/classical/CLA_155_Ludwig_van_Beethoven_Sonata_No_4_in_E-flat_Maj.wav,325.31,Classical
Ludwig van Beethoven,"Sonata No. 7 in D Major, Op. 10 No. 3, 1st mov.",train,2013,midi/classical/CLA_156_Ludwig_van_Beethoven_Sonata_No_7_in_D_Major_Op.midi,audio/classical/CLA_156_Ludwig_van_Beethoven_Sonata_No_7_in_D_Major_Op.wav,397.79,Classical
Ludwig van Beethoven,"Sonata No. 26 in E-Flat Major, Op. 81a, ""Les Adiex"", First Movement",validation,2011,midi/classical/CLA_157_Ludwig_van_Beethoven_Sonata_No_26_in_E-Flat_Ma.midi,audio/classical/CLA_157_Ludwig_van_Beethoven_Sonata_No_26_in_E-Flat_Ma.wav,399.45,Classical
Ludwig van Beethoven,"Sonata No. 3 in C Major, Op. 2 No. 3, I. Allegro con brio",train,2015,midi/classical/CLA_158_Ludwig_van_Beethoven_Sonata_No_3_in_C_Major_Op.midi,audio/classical/CLA_158_Ludwig_van_Beethoven_Sonata_No_3_in_C_Major_Op.wav,445.68,Classical
Ludwig van Beethoven,"Sonata No. 30 in E Major, Op. 109",train,2018,midi/classical/CLA_159_Ludwig_van_Beethoven_Sonata_No_30_in_E_Major_O.midi,audio/classical/CLA_159_Ludwig_van_Beethoven_Sonata_No_30_in_E_Major_O.wav,1176.4,Classical
Ludwig van Beethoven,"Sonata No. 23 in F Minor, Op. 57, First Movement",train,2011,midi/classical/CLA_160_Ludwig_van_Beethoven_Sonata_No_23_in_F_Minor_O.midi,audio/classical/CLA_160_Ludwig_van_Beethoven_Sonata_No_23_in_F_Minor_O.wav,572.42,Classical
Ludwig van Beethoven,"Eroica Variations, Op. 35",validation,2004,midi/classical/CLA_161_Ludwig_van_Beethoven_Eroica_Variations_Op_35.midi,audio/classical/CLA_161_Ludwig_van_Beethoven_Eroica_Variations_Op_35.wav,1314.7,Classical
Ludwig van Beethoven,"Thirty-Two Variations in C Minor, WoO 80",train,2015,midi/classical/CLA_162_Ludwig_van_Beethoven_Thirty-Two_Variations_in_.midi,audio/classical/CLA_162_Ludwig_van_Beethoven_Thirty-Two_Variations_in_.wav,578.2,Classical
Ludwig van Beethoven,"Sonata No. 7 in D Major, Op. 10 No. 3, 1st mov.",validation,2013,midi/classical/CLA_163_Ludwig_van_Beethoven_Sonata_No_7_in_D_Major_Op.midi,audio/classical/CLA_163_Ludwig_van_Beethoven_Sonata_No_7_in_D_Major_Op.wav,283.61,Classical
Ludwig van Beethoven,"Sonata No. 21, Op. 53, ""Waldstein"", I. Allegro con brio",test,2017,midi/classical/CLA_164_Ludwig_van_Beethoven_Sonata_No_21_Op_53_Waldst.midi,audio/classical/CLA_164_Ludwig_van_Beethoven_Sonata_No_21_Op_53_Waldst.wav,488.33,Classical
Ludwig van Beethoven,"Sonata No. 21 in C Major, Op. 53, ""Waldstein"", First Movement",train,2011,midi/classical/CLA_165_Ludwig_van_Beethoven_Sonata_No_21_in_C_Major_O.midi,audio/classical/CLA_165_Ludwig_van_Beethoven_Sonata_No_21_in_C_Major_O.wav,519.56,Classical
Ludwig van Beethoven,"Sonata No. 31 In A-flat Major, Op. 110",train,2018,midi/classical/CLA_166_Ludwig_van_Beethoven_Sonata_No_31_In_A-flat_Ma.midi,audio/classical/CLA_166_Ludwig_van_Beethoven_Sonata_No_31_In_A-flat_Ma.wav,1022.54,Classical
Ludwig van Beethoven,"Sonata No. 21 in C Major, Op. 53",train,2018,midi/classical/CLA_167_Ludwig_van_Beethoven_Sonata_No_21_in_C_Major_O.midi,audio/classical/CLA_167_Ludwig_van_Beethoven_Sonata_No_21_in_C_Major_O.wav,1306.74,Classical
Ludwig van Beethoven,"Thirty-Two Variaions in C Minor, WoO80",train,2011,midi/classical/CLA_168_Ludwig_van_Beethoven_Thirty-Two_Variaions_in_C.midi,audio/classical/CLA_168_Ludwig_van_Beethoven_Thirty-Two_Variaions_in_C.wav,628.81,Classical
Ludwig van Beethoven,"Rondo a capriccioso ""Rage over a Lost Penny"", Op. 129",test,2018,midi/classical/CLA_169_Ludwig_van_Beethoven_Rondo_a_capriccioso_Rage_.midi,audio/classical/CLA_169_Ludwig_van_Beethoven_Rondo_a_capriccioso_Rage_.wav,359.74,Classical
Ludwig van Beethoven,"Sonata No. 21 in C major, Op. 53, “Waldstein,” I. Allegro con brio",train,2014,midi/classical/CLA_170_Ludwig_van_Beethoven_Sonata_No_21_in_C_major_O.midi,audio/classical/CLA_170_Ludwig_van_Beethoven_Sonata_No_21_in_C_major_O.wav,470.29,Classical
Ludwig van Beethoven,"Sonata No. 28 in A Major, Op. 101 (Complete)",train,2014,midi/classical/CLA_171_Ludwig_van_Beethoven_Sonata_No_28_in_A_Major_O.midi,audio/classical/CLA_171_Ludwig_van_Beethoven_Sonata_No_28_in_A_Major_O.wav,1098.93,Classical
Ludwig van Beethoven,"Thirty-Two Variations in C minor, WoO 80    ",train,2015,midi/classical/CLA_172_Ludwig_van_Beethoven_Thirty-Two_Variations_in_.midi,audio/classical/CLA_172_Ludwig_van_Beethoven_Thirty-Two_Variations_in_.wav,687.14,Classical
Ludwig van Beethoven,"Sonata No. 32 in C Minor, Op. 111 (Complete)",train,2014,midi/classical/CLA_173_Ludwig_van_Beethoven_Sonata_No_32_in_C_Minor_O.midi,audio/classical/CLA_173_Ludwig_van_Beethoven_Sonata_No_32_in_C_Minor_O.wav,1585.97,Classical
Ludwig van Beethoven,"Thirty-Two Variations in C Minor, WoO 80",train,2008,midi/classical/CLA_174_Ludwig_van_Beethoven_Thirty-Two_Variations_in_.midi,audio/classical/CLA_174_Ludwig_van_Beethoven_Thirty-Two_Variations_in_.wav,652.96,Classical
Ludwig van Beethoven,"Thirty-Two Variations in C Minor, WoO 80",validation,2015,midi/classical/CLA_175_Ludwig_van_Beethoven_Thirty-Two_Variations_in_.midi,audio/classical/CLA_175_Ludwig_van_Beethoven_Thirty-Two_Variations_in_.wav,669.29,Classical
Ludwig van Beethoven,"Sonata No. 4 in E-flat Major, Op. 7, I. Allegro molto e con brio",test,2017,midi/classical/CLA_176_Ludwig_van_Beethoven_Sonata_No_4_in_E-flat_Maj.midi,audio/classical/CLA_176_Ludwig_van_Beethoven_Sonata_No_4_in_E-flat_Maj.wav,325.88,Classical
Ludwig van Beethoven,"Rondo, Op. 129",train,2014,midi/classical/CLA_177_Ludwig_van_Beethoven_Rondo_Op_129.midi,audio/classical/CLA_177_Ludwig_van_Beethoven_Rondo_Op_129.wav,338.34,Classical
Ludwig van Beethoven,"Sonata No. 11, Op. 22 in B-flat Major, I. Allegro con brio",train,2017,midi/classical/CLA_178_Ludwig_van_Beethoven_Sonata_No_11_Op_22_in_B-f.midi,audio/classical/CLA_178_Ludwig_van_Beethoven_Sonata_No_11_Op_22_in_B-f.wav,321.79,Classical
Ludwig van Beethoven,"Sonata in C Major, Op. 53 'Waldstein'",train,2004,midi/classical/CLA_179_Ludwig_van_Beethoven_Sonata_in_C_Major_Op_53_W.midi,audio/classical/CLA_179_Ludwig_van_Beethoven_Sonata_in_C_Major_Op_53_W.wav,804.75,Classical
Ludwig van Beethoven,"Sonata in E-flat Major, Op. 81a",test,2009,midi/classical/CLA_180_Ludwig_van_Beethoven_Sonata_in_E-flat_Major_Op.midi,audio/classical/CLA_180_Ludwig_van_Beethoven_Sonata_in_E-flat_Major_Op.wav,934.42,Classical
Ludwig van Beethoven,"Bagatelles, Op. 126 (Complete)",train,2014,midi/classical/CLA_181_Ludwig_van_Beethoven_Bagatelles_Op_126_Complet.midi,audio/classical/CLA_181_Ludwig_van_Beethoven_Bagatelles_Op_126_Complet.wav,1158.83,Classical
Ludwig van Beethoven,"Sonata No. 16 Op. 31 No. 1 in G Major, I. Allegro vivace",train,2017,midi/classical/CLA_182_Ludwig_van_Beethoven_Sonata_No_16_Op_31_No_1_i.midi,audio/classical/CLA_182_Ludwig_van_Beethoven_Sonata_No_16_Op_31_No_1_i.wav,306.1,Classical
Ludwig van Beethoven,"Sonata No. 21 in C Major, Op. 53, 1st mov.",train,2013,midi/classical/CLA_183_Ludwig_van_Beethoven_Sonata_No_21_in_C_Major_O.midi,audio/classical/CLA_183_Ludwig_van_Beethoven_Sonata_No_21_in_C_Major_O.wav,534.7,Classical
Ludwig van Beethoven,"Sonata No. 3 in C Major, Op. 2 No. 3, First Movement",train,2008,midi/classical/CLA_184_Ludwig_van_Beethoven_Sonata_No_3_in_C_Major_Op.midi,audio/classical/CLA_184_Ludwig_van_Beethoven_Sonata_No_3_in_C_Major_Op.wav,430.06,Classical
Ludwig van Beethoven,"Thirty-Two Variations in C Minor, WoO 80",train,2008,midi/classical/CLA_185_Ludwig_van_Beethoven_Thirty-Two_Variations_in_.midi,audio/classical/CLA_185_Ludwig_van_Beethoven_Thirty-Two_Variations_in_.wav,544.02,Classical
Ludwig van Beethoven,"Fantasia, Op. 77",train,2014,midi/classical/CLA_186_Ludwig_van_Beethoven_Fantasia_Op_77.midi,audio/classical/CLA_186_Ludwig_van_Beethoven_Fantasia_Op_77.wav,527.93,Classical
Ludwig van Beethoven,Sonata Op. 78,train,2006,midi/classical/CLA_187_Ludwig_van_Beethoven_Sonata_Op_78.midi,audio/classical/CLA_187_Ludwig_van_Beethoven_Sonata_Op_78.wav,470.61,Classical
Ludwig van Beethoven,Sonata Op. 10/3,train,2006,midi/classical/CLA_188_Ludwig_van_Beethoven_Sonata_Op_10_3.midi,audio/classical/CLA_188_Ludwig_van_Beethoven_Sonata_Op_10_3.wav,1405.96,Classical
Ludwig van Beethoven,Bagatelles Op126,train,2006,midi/classical/CLA_189_Ludwig_van_Beethoven_Bagatelles_Op126.midi,audio/classical/CLA_189_Ludwig_van_Beethoven_Bagatelles_Op126.wav,1108.04,Classical
Ludwig van Beethoven,"Thirty-Two Variations in C Minor, WoO 80",train,2008,midi/classical/CLA_190_Ludwig_van_Beethoven_Thirty-Two_Variations_in_.midi,audio/classical/CLA_190_Ludwig_van_Beethoven_Thirty-Two_Variations_in_.wav,644.73,Classical
Ludwig van Beethoven,"Sonata No. 23 in F Minor, Op. 57, First Movement",train,2011,midi/classical/CLA_191_Ludwig_van_Beethoven_Sonata_No_23_in_F_Minor_O.midi,audio/classical/CLA_191_Ludwig_van_Beethoven_Sonata_No_23_in_F_Minor_O.wav,564.87,Classical
Ludwig van Beethoven,"Sonata No. 23 in F Minor, Op. 57 ""Appassionata"", First Movement",test,2008,midi/classical/CLA_192_Ludwig_van_Beethoven_Sonata_No_23_in_F_Minor_O.midi,audio/classical/CLA_192_Ludwig_van_Beethoven_Sonata_No_23_in_F_Minor_O.wav,593.32,Classical
Ludwig van Beethoven,"Sonata in A-flat, Op. 110",train,2004,midi/classical/CLA_193_Ludwig_van_Beethoven_Sonata_in_A-flat_Op_110.midi,audio/classical/CLA_193_Ludwig_van_Beethoven_Sonata_in_A-flat_Op_110.wav,362.76,Classical
Ludwig van Beethoven,"Sonata No. 21, Op. 53, ""Waldstein"", I. Allegro con brio",test,2017,midi/classical/CLA_194_Ludwig_van_Beethoven_Sonata_No_21_Op_53_Waldst.midi,audio/classical/CLA_194_Ludwig_van_Beethoven_Sonata_No_21_Op_53_Waldst.wav,484.19,Classical
Ludwig van Beethoven,"Sonata in A-flat, Op. 110",train,2004,midi/classical/CLA_195_Ludwig_van_Beethoven_Sonata_in_A-flat_Op_110.midi,audio/classical/CLA_195_Ludwig_van_Beethoven_Sonata_in_A-flat_Op_110.wav,732.78,Classical
Ludwig van Beethoven,"Sonata No. 26 in 3-flat Major, Op. 81a (2nd & 3rd Movements)",train,2004,midi/classical/CLA_196_Ludwig_van_Beethoven_Sonata_No_26_in_3-flat_Ma.midi,audio/classical/CLA_196_Ludwig_van_Beethoven_Sonata_No_26_in_3-flat_Ma.wav,453.39,Classical
Ludwig van Beethoven,"Thirty-Two Variations in C minor, WoO 80    ",train,2015,midi/classical/CLA_197_Ludwig_van_Beethoven_Thirty-Two_Variations_in_.midi,audio/classical/CLA_197_Ludwig_van_Beethoven_Thirty-Two_Variations_in_.wav,658.19,Classical
Ludwig van Beethoven,"Sonata No. 31 in A-flat Major, Op. 110",train,2018,midi/classical/CLA_198_Ludwig_van_Beethoven_Sonata_No_31_in_A-flat_Ma.midi,audio/classical/CLA_198_Ludwig_van_Beethoven_Sonata_No_31_in_A-flat_Ma.wav,1060.72,Classical
Ludwig van Beethoven,"Thirty-Two Variations in C Minor, WoO 80",validation,2008,midi/classical/CLA_199_Ludwig_van_Beethoven_Thirty-Two_Variations_in_.midi,audio/classical/CLA_199_Ludwig_van_Beethoven_Thirty-Two_Variations_in_.wav,638.1,Classical
Ludwig van Beethoven,"Sonata No. 5 in C Minor, Op. 10 No. 1, First Movement",train,2011,midi/classical/CLA_200_Ludwig_van_Beethoven_Sonata_No_5_in_C_Minor_Op.midi,audio/classical/CLA_200_Ludwig_van_Beethoven_Sonata_No_5_in_C_Minor_Op.wav,271.51,Classical
Frédéric Chopin,Etude Op. 25 No. 11,train,2015,midi/romantic/ROM_001_Fr_d_ric_Chopin_Etude_Op_25_No_11.midi,audio/romantic/ROM_001_Fr_d_ric_Chopin_Etude_Op_25_No_11.wav,210.82,Romantic
Frédéric Chopin,Ballade 4 Op. 52,train,2006,midi/romantic/ROM_002_Fr_d_ric_Chopin_Ballade_4_Op_52.midi,audio/romantic/ROM_002_Fr_d_ric_Chopin_Ballade_4_Op_52.wav,603.94,Romantic
Frédéric Chopin,"Ballade No. 3 in A-flat Major, Op. 47",train,2008,midi/romantic/ROM_003_Fr_d_ric_Chopin_Ballade_No_3_in_A-flat_Ma.midi,audio/romantic/ROM_003_Fr_d_ric_Chopin_Ballade_No_3_in_A-flat_Ma.wav,418.39,Romantic
Frédéric Chopin,"Scherzo No. 1 in B minor, Op. 20",train,2013,midi/romantic/ROM_004_Fr_d_ric_Chopin_Scherzo_No_1_in_B_minor_O.midi,audio/romantic/ROM_004_Fr_d_ric_Chopin_Scherzo_No_1_in_B_minor_O.wav,555.19,Romantic
Frédéric Chopin,Nocturne Op. 27 No. 2 in D-flat Major,train,2017,midi/romantic/ROM_005_Fr_d_ric_Chopin_Nocturne_Op_27_No_2_in_D-.midi,audio/romantic/ROM_005_Fr_d_ric_Chopin_Nocturne_Op_27_No_2_in_D-.wav,341.24,Romantic
Frédéric Chopin,Etudes Op. 25 Nos. 1-5,train,2013,midi/romantic/ROM_006_Fr_d_ric_Chopin_Etudes_Op_25_Nos_1-5.midi,audio/romantic/ROM_006_Fr_d_ric_Chopin_Etudes_Op_25_Nos_1-5.wav,656.75,Romantic
Frédéric Chopin,Etude Op. 10 No. 4,train,2013,midi/romantic/ROM_007_Fr_d_ric_Chopin_Etude_Op_10_No_4.midi,audio/romantic/ROM_007_Fr_d_ric_Chopin_Etude_Op_10_No_4.wav,119.15,Romantic
Frédéric Chopin,"Scherzo No. 3 in C-sharp Minor, Op. 39",validation,2015,midi/romantic/ROM_008_Fr_d_ric_Chopin_Scherzo_No_3_in_C-sharp_M.midi,audio/romantic/ROM_008_Fr_d_ric_Chopin_Scherzo_No_3_in_C-sharp_M.wav,418.93,Romantic
Frédéric Chopin,"Scherzo No. 4 in E Major, Op. 54",validation,2008,midi/romantic/ROM_009_Fr_d_ric_Chopin_Scherzo_No_4_in_E_Major_O.midi,audio/romantic/ROM_009_Fr_d_ric_Chopin_Scherzo_No_4_in_E_Major_O.wav,623.89,Romantic
Frédéric Chopin,Berceuse Op. 57,train,2008,midi/romantic/ROM_010_Fr_d_ric_Chopin_Berceuse_Op_57.midi,audio/romantic/ROM_010_Fr_d_ric_Chopin_Berceuse_Op_57.wav,261.34,Romantic
Frédéric Chopin,Etude Op. 10 No. 2,train,2015,midi/romantic/ROM_011_Fr_d_ric_Chopin_Etude_Op_10_No_2.midi,audio/romantic/ROM_011_Fr_d_ric_Chopin_Etude_Op_10_No_2.wav,81.29,Romantic
Frédéric Chopin,Sonata 3 Op. 58,test,2006,midi/romantic/ROM_012_Fr_d_ric_Chopin_Sonata_3_Op_58.midi,audio/romantic/ROM_012_Fr_d_ric_Chopin_Sonata_3_Op_58.wav,1442.8,Romantic
Frédéric Chopin,"Scherzo No. 2 in B-flat Minor, Op. 31",validation,2015,midi/romantic/ROM_013_Fr_d_ric_Chopin_Scherzo_No_2_in_B-flat_Mi.midi,audio/romantic/ROM_013_Fr_d_ric_Chopin_Scherzo_No_2_in_B-flat_Mi.wav,622.28,Romantic
Frédéric Chopin,Etude Op. 10 No. 5 in G-flat Major,train,2017,midi/romantic/ROM_014_Fr_d_ric_Chopin_Etude_Op_10_No_5_in_G-fla.midi,audio/romantic/ROM_014_Fr_d_ric_Chopin_Etude_Op_10_No_5_in_G-fla.wav,95.58,Romantic
Frédéric Chopin,"Sonata No. 3 in B Minor, Op. 58",test,2004,midi/romantic/ROM_015_Fr_d_ric_Chopin_Sonata_No_3_in_B_Minor_Op.midi,audio/romantic/ROM_015_Fr_d_ric_Chopin_Sonata_No_3_in_B_Minor_Op.wav,493.14,Romantic
Frédéric Chopin,"Scherzo No. 4 in E Major, Op. 54",validation,2013,midi/romantic/ROM_016_Fr_d_ric_Chopin_Scherzo_No_4_in_E_Major_O.midi,audio/romantic/ROM_016_Fr_d_ric_Chopin_Scherzo_No_4_in_E_Major_O.wav,650.51,Romantic
Frédéric Chopin,Etude Op. 10 No. 1,train,2013,midi/romantic/ROM_017_Fr_d_ric_Chopin_Etude_Op_10_No_1.midi,audio/romantic/ROM_017_Fr_d_ric_Chopin_Etude_Op_10_No_1.wav,114.59,Romantic
Frédéric Chopin,"Preludes, Book II, L 123, VI. Général Lavine - eccentric",train,2015,midi/romantic/ROM_018_Fr_d_ric_Chopin_Preludes_Book_II_L_123_VI.midi,audio/romantic/ROM_018_Fr_d_ric_Chopin_Preludes_Book_II_L_123_VI.wav,151.23,Romantic
Frédéric Chopin,Etude Op. 10 No. 8,train,2013,midi/romantic/ROM_019_Fr_d_ric_Chopin_Etude_Op_10_No_8.midi,audio/romantic/ROM_019_Fr_d_ric_Chopin_Etude_Op_10_No_8.wav,125.04,Romantic
Frédéric Chopin,Etude Op. 10 No. 2 in A Minor,train,2017,midi/romantic/ROM_020_Fr_d_ric_Chopin_Etude_Op_10_No_2_in_A_Min.midi,audio/romantic/ROM_020_Fr_d_ric_Chopin_Etude_Op_10_No_2_in_A_Min.wav,79.49,Romantic
Frédéric Chopin,"Mazurkas, Op. 17 (Complete)",train,2014,midi/romantic/ROM_021_Fr_d_ric_Chopin_Mazurkas_Op_17_Complete.midi,audio/romantic/ROM_021_Fr_d_ric_Chopin_Mazurkas_Op_17_Complete.wav,775.89,Romantic
Frédéric Chopin,"Ballade No. 1 in G Minor, Op. 23",train,2004,midi/romantic/ROM_022_Fr_d_ric_Chopin_Ballade_No_1_in_G_Minor_O.midi,audio/romantic/ROM_022_Fr_d_ric_Chopin_Ballade_No_1_in_G_Minor_O.wav,551.65,Romantic
Frédéric Chopin,Polonaise-Fantasie,train,2006,midi/romantic/ROM_023_Fr_d_ric_Chopin_Polonaise-Fantasie.midi,audio/romantic/ROM_023_Fr_d_ric_Chopin_Polonaise-Fantasie.wav,779.02,Romantic
Frédéric Chopin,Etude Op. 25 No. 10 in B Minor,train,2017,midi/romantic/ROM_024_Fr_d_ric_Chopin_Etude_Op_25_No_10_in_B_Mi.midi,audio/romantic/ROM_024_Fr_d_ric_Chopin_Etude_Op_25_No_10_in_B_Mi.wav,237.36,Romantic
Frédéric Chopin,Etude Op. 10 No. 12 in C Minor,train,2011,midi/romantic/ROM_025_Fr_d_ric_Chopin_Etude_Op_10_No_12_in_C_Mi.midi,audio/romantic/ROM_025_Fr_d_ric_Chopin_Etude_Op_10_No_12_in_C_Mi.wav,138.09,Romantic
Frédéric Chopin,Etude Op. 10 No. 10 in A-flat Major,train,2017,midi/romantic/ROM_026_Fr_d_ric_Chopin_Etude_Op_10_No_10_in_A-fl.midi,audio/romantic/ROM_026_Fr_d_ric_Chopin_Etude_Op_10_No_10_in_A-fl.wav,124.78,Romantic
Frédéric Chopin,Etude Op. 10 No. 8 in F Major,train,2011,midi/romantic/ROM_027_Fr_d_ric_Chopin_Etude_Op_10_No_8_in_F_Maj.midi,audio/romantic/ROM_027_Fr_d_ric_Chopin_Etude_Op_10_No_8_in_F_Maj.wav,131.46,Romantic
Frédéric Chopin,Etude Op. 10 No. 2,train,2013,midi/romantic/ROM_028_Fr_d_ric_Chopin_Etude_Op_10_No_2.midi,audio/romantic/ROM_028_Fr_d_ric_Chopin_Etude_Op_10_No_2.wav,70.73,Romantic
Frédéric Chopin,Nocturne Op. 15 No. 1 in F Major,train,2015,midi/romantic/ROM_029_Fr_d_ric_Chopin_Nocturne_Op_15_No_1_in_F_.midi,audio/romantic/ROM_029_Fr_d_ric_Chopin_Nocturne_Op_15_No_1_in_F_.wav,240.45,Romantic
Frédéric Chopin,Nocturne Op. 62 No. 1 in B Major,train,2017,midi/romantic/ROM_030_Fr_d_ric_Chopin_Nocturne_Op_62_No_1_in_B_.midi,audio/romantic/ROM_030_Fr_d_ric_Chopin_Nocturne_Op_62_No_1_in_B_.wav,405.31,Romantic
Frédéric Chopin,"Andante spianato e grande polonaise, Op. 22",train,2017,midi/romantic/ROM_031_Fr_d_ric_Chopin_Andante_spianato_e_grande.midi,audio/romantic/ROM_031_Fr_d_ric_Chopin_Andante_spianato_e_grande.wav,829.85,Romantic
Frédéric Chopin,"Ballade No. 1 in G Minor, Op. 23",train,2004,midi/romantic/ROM_032_Fr_d_ric_Chopin_Ballade_No_1_in_G_Minor_O.midi,audio/romantic/ROM_032_Fr_d_ric_Chopin_Ballade_No_1_in_G_Minor_O.wav,516.97,Romantic
Frédéric Chopin,Etude Op. 10 No. 1,train,2015,midi/romantic/ROM_033_Fr_d_ric_Chopin_Etude_Op_10_No_1.midi,audio/romantic/ROM_033_Fr_d_ric_Chopin_Etude_Op_10_No_1.wav,116.7,Romantic
Frédéric Chopin,Etude Op. 10 No. 4 in C-sharp Minor,train,2017,midi/romantic/ROM_034_Fr_d_ric_Chopin_Etude_Op_10_No_4_in_C-sha.midi,audio/romantic/ROM_034_Fr_d_ric_Chopin_Etude_Op_10_No_4_in_C-sha.wav,123.04,Romantic
Frédéric Chopin,"Polonaise-Fantasie, Op. 61",train,2009,midi/romantic/ROM_035_Fr_d_ric_Chopin_Polonaise-Fantasie_Op_61.midi,audio/romantic/ROM_035_Fr_d_ric_Chopin_Polonaise-Fantasie_Op_61.wav,721.54,Romantic
Frédéric Chopin,Etude Op. 25 No. 12,train,2015,midi/romantic/ROM_036_Fr_d_ric_Chopin_Etude_Op_25_No_12.midi,audio/romantic/ROM_036_Fr_d_ric_Chopin_Etude_Op_25_No_12.wav,156.28,Romantic
Frédéric Chopin,"Nocturne in B Major, Op. 9, No. 3",train,2009,midi/romantic/ROM_037_Fr_d_ric_Chopin_Nocturne_in_B_Major_Op_9_.midi,audio/romantic/ROM_037_Fr_d_ric_Chopin_Nocturne_in_B_Major_Op_9_.wav,346.92,Romantic
Frédéric Chopin,"Nocturne in C Minor, Op. 48 No. 1",train,2008,midi/romantic/ROM_038_Fr_d_ric_Chopin_Nocturne_in_C_Minor_Op_48.midi,audio/romantic/ROM_038_Fr_d_ric_Chopin_Nocturne_in_C_Minor_Op_48.wav,295.04,Romantic
Frédéric Chopin,"Scherzo No. 2 in B-flat Minor, Op. 31",validation,2015,midi/romantic/ROM_039_Fr_d_ric_Chopin_Scherzo_No_2_in_B-flat_Mi.midi,audio/romantic/ROM_039_Fr_d_ric_Chopin_Scherzo_No_2_in_B-flat_Mi.wav,533.73,Romantic
Frédéric Chopin,Etude Op. 10 No. 4 in C-sharp Minor,train,2017,midi/romantic/ROM_040_Fr_d_ric_Chopin_Etude_Op_10_No_4_in_C-sha.midi,audio/romantic/ROM_040_Fr_d_ric_Chopin_Etude_Op_10_No_4_in_C-sha.wav,115.38,Romantic
Frédéric Chopin,Etude Op. 10 No. 5 in G-flat Major,train,2017,midi/romantic/ROM_041_Fr_d_ric_Chopin_Etude_Op_10_No_5_in_G-fla.midi,audio/romantic/ROM_041_Fr_d_ric_Chopin_Etude_Op_10_No_5_in_G-fla.wav,92.24,Romantic
Frédéric Chopin,"Two Preludes from Op. 28, Nos. 15 and 24",test,2011,midi/romantic/ROM_042_Fr_d_ric_Chopin_Two_Preludes_from_Op_28_N.midi,audio/romantic/ROM_042_Fr_d_ric_Chopin_Two_Preludes_from_Op_28_N.wav,117.12,Romantic
Frédéric Chopin,"Ballade No. 4 in F minor, Op. 52",train,2008,midi/romantic/ROM_043_Fr_d_ric_Chopin_Ballade_No_4_in_F_minor_O.midi,audio/romantic/ROM_043_Fr_d_ric_Chopin_Ballade_No_4_in_F_minor_O.wav,628.51,Romantic
Frédéric Chopin,"Ballade No. 1 in G Minor, Op. 23",train,2011,midi/romantic/ROM_044_Fr_d_ric_Chopin_Ballade_No_1_in_G_Minor_O.midi,audio/romantic/ROM_044_Fr_d_ric_Chopin_Ballade_No_1_in_G_Minor_O.wav,502.7,Romantic
Frédéric Chopin,"Mazurka in F Minor, Op. 7, No. 3",train,2014,midi/romantic/ROM_045_Fr_d_ric_Chopin_Mazurka_in_F_Minor_Op_7_N.midi,audio/romantic/ROM_045_Fr_d_ric_Chopin_Mazurka_in_F_Minor_Op_7_N.wav,121.52,Romantic
Frédéric Chopin,"Sonata in B Minor, Op. 58",test,2004,midi/romantic/ROM_046_Fr_d_ric_Chopin_Sonata_in_B_Minor_Op_58.midi,audio/romantic/ROM_046_Fr_d_ric_Chopin_Sonata_in_B_Minor_Op_58.wav,1442.05,Romantic
Frédéric Chopin,"Ballade No. 2 in F Major, Op. 38",train,2017,midi/romantic/ROM_047_Fr_d_ric_Chopin_Ballade_No_2_in_F_Major_O.midi,audio/romantic/ROM_047_Fr_d_ric_Chopin_Ballade_No_2_in_F_Major_O.wav,459.91,Romantic
Frédéric Chopin,"Ballade No. 1 in G Minor, Op. 23",train,2015,midi/romantic/ROM_048_Fr_d_ric_Chopin_Ballade_No_1_in_G_Minor_O.midi,audio/romantic/ROM_048_Fr_d_ric_Chopin_Ballade_No_1_in_G_Minor_O.wav,511.26,Romantic
Frédéric Chopin,"Nocturne in F-sharp Major, Op. 15, No. 2",train,2008,midi/romantic/ROM_049_Fr_d_ric_Chopin_Nocturne_in_F-sharp_Major.midi,audio/romantic/ROM_049_Fr_d_ric_Chopin_Nocturne_in_F-sharp_Major.wav,230.07,Romantic
Frédéric Chopin,Etude Op. 25 No. 1,train,2015,midi/romantic/ROM_050_Fr_d_ric_Chopin_Etude_Op_25_No_1.midi,audio/romantic/ROM_050_Fr_d_ric_Chopin_Etude_Op_25_No_1.wav,137.87,Romantic
Franz Schubert,"Sonata in B-flat Major, D. 962",train,2009,midi/romantic/ROM_051_Franz_Schubert_Sonata_in_B-flat_Major_D_.midi,audio/romantic/ROM_051_Franz_Schubert_Sonata_in_B-flat_Major_D_.wav,220.92,Romantic
Franz Schubert,Sonata in G Major D894,validation,2018,midi/romantic/ROM_052_Franz_Schubert_Sonata_in_G_Major_D894.midi,audio/romantic/ROM_052_Franz_Schubert_Sonata_in_G_Major_D894.wav,2076.61,Romantic
Franz Schubert,"Sonata in G Major, D 894",train,2004,midi/romantic/ROM_053_Franz_Schubert_Sonata_in_G_Major_D_894.midi,audio/romantic/ROM_053_Franz_Schubert_Sonata_in_G_Major_D_894.wav,224.29,Romantic
Franz Schubert,"Sonata in A Minor, D. 848",train,2009,midi/romantic/ROM_054_Franz_Schubert_Sonata_in_A_Minor_D_848.midi,audio/romantic/ROM_054_Franz_Schubert_Sonata_in_A_Minor_D_848.wav,293.56,Romantic
Franz Schubert,"Sonata in A Minor, D. 847",train,2009,midi/romantic/ROM_055_Franz_Schubert_Sonata_in_A_Minor_D_847.midi,audio/romantic/ROM_055_Franz_Schubert_Sonata_in_A_Minor_D_847.wav,280.39,Romantic
Franz Schubert,"Impromptu Op. 142 No. 3 in B-flat Major, D. 935",train,2017,midi/romantic/ROM_056_Franz_Schubert_Impromptu_Op_142_No_3_in_.midi,audio/romantic/ROM_056_Franz_Schubert_Impromptu_Op_142_No_3_in_.wav,680.22,Romantic
Franz Schubert,"Sonata in G Major, D. 897",train,2009,midi/romantic/ROM_057_Franz_Schubert_Sonata_in_G_Major_D_897.midi,audio/romantic/ROM_057_Franz_Schubert_Sonata_in_G_Major_D_897.wav,513.02,Romantic
Franz Schubert,Impromptu Op. 90 No. 2 in E-flat Major,train,2008,midi/romantic/ROM_058_Franz_Schubert_Impromptu_Op_90_No_2_in_E.midi,audio/romantic/ROM_058_Franz_Schubert_Impromptu_Op_90_No_2_in_E.wav,274.86,Romantic
Franz Schubert,"Sonata in B-flat Major, D960",validation,2004,midi/romantic/ROM_059_Franz_Schubert_Sonata_in_B-flat_Major_D9.midi,audio/romantic/ROM_059_Franz_Schubert_Sonata_in_B-flat_Major_D9.wav,917.29,Romantic
Franz Schubert,"Sonata in C Minor, D958",train,2004,midi/romantic/ROM_060_Franz_Schubert_Sonata_in_C_Minor_D958.midi,audio/romantic/ROM_060_Franz_Schubert_Sonata_in_C_Minor_D958.wav,547.81,Romantic
Franz Schubert,"Impromptu Op. 142 No. 3, in B-Flat Major, D935",validation,2011,midi/romantic/ROM_061_Franz_Schubert_Impromptu_Op_142_No_3_in_.midi,audio/romantic/ROM_061_Franz_Schubert_Impromptu_Op_142_No_3_in_.wav,407.18,Romantic
Franz Schubert,Sonata in A D960,train,2006,midi/romantic/ROM_062_Franz_Schubert_Sonata_in_A_D960.midi,audio/romantic/ROM_062_Franz_Schubert_Sonata_in_A_D960.wav,420.04,Romantic
Franz Schubert,"Sonata in C Minor, D958",train,2018,midi/romantic/ROM_063_Franz_Schubert_Sonata_in_C_Minor_D958.midi,audio/romantic/ROM_063_Franz_Schubert_Sonata_in_C_Minor_D958.wav,1758.36,Romantic
Franz Schubert,"Sonata in B-flat Major, D960",train,2004,midi/romantic/ROM_064_Franz_Schubert_Sonata_in_B-flat_Major_D9.midi,audio/romantic/ROM_064_Franz_Schubert_Sonata_in_B-flat_Major_D9.wav,456.34,Romantic
Franz Schubert,Son. in Bb D.961,train,2006,midi/romantic/ROM_065_Franz_Schubert_Son_in_Bb_D_961.midi,audio/romantic/ROM_065_Franz_Schubert_Son_in_Bb_D_961.wav,592.0,Romantic
Franz Schubert,"Impromptu Op. 142 No. 3 in B-flat Major, D. 935",train,2017,midi/romantic/ROM_066_Franz_Schubert_Impromptu_Op_142_No_3_in_.midi,audio/romantic/ROM_066_Franz_Schubert_Impromptu_Op_142_No_3_in_.wav,551.68,Romantic
Franz Schubert,"Sonata in B-flat Major, D960",train,2004,midi/romantic/ROM_067_Franz_Schubert_Sonata_in_B-flat_Major_D9.midi,audio/romantic/ROM_067_Franz_Schubert_Sonata_in_B-flat_Major_D9.wav,488.71,Romantic
Franz Schubert,"Impromptu Op. 90 No. 1 in C Minor, D. 899",test,2017,midi/romantic/ROM_068_Franz_Schubert_Impromptu_Op_90_No_1_in_C.midi,audio/romantic/ROM_068_Franz_Schubert_Impromptu_Op_90_No_1_in_C.wav,559.08,Romantic
Franz Schubert,"Sonata in C Minor, D. 958 (Complete)",train,2014,midi/romantic/ROM_069_Franz_Schubert_Sonata_in_C_Minor_D_958_C.midi,audio/romantic/ROM_069_Franz_Schubert_Sonata_in_C_Minor_D_958_C.wav,1766.22,Romantic
Franz Schubert,"Impromptu Op. 142 No. 3 in B-flat Major, D935",train,2013,midi/romantic/ROM_070_Franz_Schubert_Impromptu_Op_142_No_3_in_.midi,audio/romantic/ROM_070_Franz_Schubert_Impromptu_Op_142_No_3_in_.wav,389.42,Romantic
Franz Schubert,Sonata in A D960,train,2006,midi/romantic/ROM_071_Franz_Schubert_Sonata_in_A_D960.midi,audio/romantic/ROM_071_Franz_Schubert_Sonata_in_A_D960.wav,435.83,Romantic
Franz Schubert,"Sonata in B-flat Major, D960",train,2004,midi/romantic/ROM_072_Franz_Schubert_Sonata_in_B-flat_Major_D9.midi,audio/romantic/ROM_072_Franz_Schubert_Sonata_in_B-flat_Major_D9.wav,902.32,Romantic
Franz Schubert,"Sonata in C  Minor, D. 959",validation,2009,midi/romantic/ROM_073_Franz_Schubert_Sonata_in_C_Minor_D_959.midi,audio/romantic/ROM_073_Franz_Schubert_Sonata_in_C_Minor_D_959.wav,488.36,Romantic
Franz Schubert,"Sonata in C Minor, D958",train,2004,midi/romantic/ROM_074_Franz_Schubert_Sonata_in_C_Minor_D958.midi,audio/romantic/ROM_074_Franz_Schubert_Sonata_in_C_Minor_D958.wav,465.32,Romantic
Franz Schubert,Son. in Bb D.962,train,2006,midi/romantic/ROM_075_Franz_Schubert_Son_in_Bb_D_962.midi,audio/romantic/ROM_075_Franz_Schubert_Son_in_Bb_D_962.wav,709.96,Romantic
Franz Schubert,"Impromptu Op. 142 No. 1, in F Minor, D935",train,2011,midi/romantic/ROM_076_Franz_Schubert_Impromptu_Op_142_No_1_in_.midi,audio/romantic/ROM_076_Franz_Schubert_Impromptu_Op_142_No_1_in_.wav,537.58,Romantic
Franz Schubert,"Sonata in C  Minor, D. 961",train,2009,midi/romantic/ROM_077_Franz_Schubert_Sonata_in_C_Minor_D_961.midi,audio/romantic/ROM_077_Franz_Schubert_Sonata_in_C_Minor_D_961.wav,521.64,Romantic
Franz Schubert,"Sonata in C Minor, D. 959",train,2009,midi/romantic/ROM_078_Franz_Schubert_Sonata_in_C_Minor_D_959.midi,audio/romantic/ROM_078_Franz_Schubert_Sonata_in_C_Minor_D_959.wav,469.55,Romantic
Franz Schubert,"Impromptu Op. 142 No. 3 in B-flat Major, D935",train,2013,midi/romantic/ROM_079_Franz_Schubert_Impromptu_Op_142_No_3_in_.midi,audio/romantic/ROM_079_Franz_Schubert_Impromptu_Op_142_No_3_in_.wav,462.79,Romantic
Franz Schubert,Sonata in G Major D894,train,2018,midi/romantic/ROM_080_Franz_Schubert_Sonata_in_G_Major_D894.midi,audio/romantic/ROM_080_Franz_Schubert_Sonata_in_G_Major_D894.wav,1898.3,Romantic
Franz Schubert,"Sonata in G Major, D. 896",train,2009,midi/romantic/ROM_081_Franz_Schubert_Sonata_in_G_Major_D_896.midi,audio/romantic/ROM_081_Franz_Schubert_Sonata_in_G_Major_D_896.wav,241.47,Romantic
Franz Schubert,"Sonata in G Major, D. 894",train,2009,midi/romantic/ROM_082_Franz_Schubert_Sonata_in_G_Major_D_894.midi,audio/romantic/ROM_082_Franz_Schubert_Sonata_in_G_Major_D_894.wav,774.43,Romantic
Franz Schubert,Impromptu Op. 90 No. 3 in G-flat Major,train,2015,midi/romantic/ROM_083_Franz_Schubert_Impromptu_Op_90_No_3_in_G.midi,audio/romantic/ROM_083_Franz_Schubert_Impromptu_Op_90_No_3_in_G.wav,355.17,Romantic
Franz Schubert,"Sonata in B-flat Major, D. 960 (Complete)",test,2014,midi/romantic/ROM_084_Franz_Schubert_Sonata_in_B-flat_Major_D_.midi,audio/romantic/ROM_084_Franz_Schubert_Sonata_in_B-flat_Major_D_.wav,2624.66,Romantic
Franz Schubert,"Impromptu Op. 90 No. 3 in G-flat Major, D. 899",test,2017,midi/romantic/ROM_085_Franz_Schubert_Impromptu_Op_90_No_3_in_G.midi,audio/romantic/ROM_085_Franz_Schubert_Impromptu_Op_90_No_3_in_G.wav,366.46,Romantic
Franz Schubert,Son. in Bb D.961,train,2006,midi/romantic/ROM_086_Franz_Schubert_Son_in_Bb_D_961.midi,audio/romantic/ROM_086_Franz_Schubert_Son_in_Bb_D_961.wav,590.5,Romantic
Franz Schubert,"Sonata in D Major, D850",validation,2004,midi/romantic/ROM_087_Franz_Schubert_Sonata_in_D_Major_D850.midi,audio/romantic/ROM_087_Franz_Schubert_Sonata_in_D_Major_D850.wav,351.64,Romantic
Franz Schubert,Impromptu Op. 90 No. 1 in C Minor,train,2013,midi/romantic/ROM_088_Franz_Schubert_Impromptu_Op_90_No_1_in_C.midi,audio/romantic/ROM_088_Franz_Schubert_Impromptu_Op_90_No_1_in_C.wav,519.36,Romantic
Franz Schubert,"Sonata in B-flat Major, D960",test,2018,midi/romantic/ROM_089_Franz_Schubert_Sonata_in_B-flat_Major_D9.midi,audio/romantic/ROM_089_Franz_Schubert_Sonata_in_B-flat_Major_D9.wav,2561.11,Romantic
Franz Schubert,"Sonata in C Minor, D. 958 (Complete)",train,2014,midi/romantic/ROM_090_Franz_Schubert_Sonata_in_C_Minor_D_958_C.midi,audio/romantic/ROM_090_Franz_Schubert_Sonata_in_C_Minor_D_958_C.wav,1790.9,Romantic
Franz Schubert,"Sonata in C Minor, D958",train,2004,midi/romantic/ROM_091_Franz_Schubert_Sonata_in_C_Minor_D958.midi,audio/romantic/ROM_091_Franz_Schubert_Sonata_in_C_Minor_D958.wav,466.29,Romantic
Franz Schubert,"Impromptu Op. 90 No. 1, in C Minor, D899",train,2011,midi/romantic/ROM_092_Franz_Schubert_Impromptu_Op_90_No_1_in_C.midi,audio/romantic/ROM_092_Franz_Schubert_Impromptu_Op_90_No_1_in_C.wav,588.37,Romantic
Franz Schubert,Impromptu Op. 142 No. 3 in B-flat Major,train,2015,midi/romantic/ROM_093_Franz_Schubert_Impromptu_Op_142_No_3_in_.midi,audio/romantic/ROM_093_Franz_Schubert_Impromptu_Op_142_No_3_in_.wav,685.17,Romantic
Franz Schubert,Impromptu Op. 90 No. 3 in G-flat Major,train,2008,midi/romantic/ROM_094_Franz_Schubert_Impromptu_Op_90_No_3_in_G.midi,audio/romantic/ROM_094_Franz_Schubert_Impromptu_Op_90_No_3_in_G.wav,365.19,Romantic
Franz Schubert,Impromptu Op. 90 No. 4 in A-flat Major,train,2008,midi/romantic/ROM_095_Franz_Schubert_Impromptu_Op_90_No_4_in_A.midi,audio/romantic/ROM_095_Franz_Schubert_Impromptu_Op_90_No_4_in_A.wav,342.5,Romantic
Franz Liszt,Mephisto Waltz No. 1,test,2013,midi/romantic/ROM_096_Franz_Liszt_Mephisto_Waltz_No_1.midi,audio/romantic/ROM_096_Franz_Liszt_Mephisto_Waltz_No_1.wav,662.27,Romantic
Franz Liszt,"Hungarian Rhapsody No. 10, S. 244/10",train,2011,midi/romantic/ROM_097_Franz_Liszt_Hungarian_Rhapsody_No_10_.midi,audio/romantic/ROM_097_Franz_Liszt_Hungarian_Rhapsody_No_10_.wav,334.74,Romantic
Franz Liszt,"Concert Etude No. 2, ""La Leggierezza"", S. 144/2",train,2011,midi/romantic/ROM_098_Franz_Liszt_Concert_Etude_No_2_La_Leg.midi,audio/romantic/ROM_098_Franz_Liszt_Concert_Etude_No_2_La_Leg.wav,272.25,Romantic
Franz Liszt,"Grandes Etudes de Paganini, S. 141",train,2018,midi/romantic/ROM_099_Franz_Liszt_Grandes_Etudes_de_Paganin.midi,audio/romantic/ROM_099_Franz_Liszt_Grandes_Etudes_de_Paganin.wav,1610.86,Romantic
Franz Liszt,"Transcendental Etude No. 9, 'Ricordanza'",train,2004,midi/romantic/ROM_100_Franz_Liszt_Transcendental_Etude_No_9.midi,audio/romantic/ROM_100_Franz_Liszt_Transcendental_Etude_No_9.wav,510.9,Romantic
Franz Liszt,"Mephisto Waltz No. 1, S.514",train,2014,midi/romantic/ROM_101_Franz_Liszt_Mephisto_Waltz_No_1_S_514.midi,audio/romantic/ROM_101_Franz_Liszt_Mephisto_Waltz_No_1_S_514.wav,676.29,Romantic
Franz Liszt,"Rhapsodie Espagnole, S. 254",train,2013,midi/romantic/ROM_102_Franz_Liszt_Rhapsodie_Espagnole_S_254.midi,audio/romantic/ROM_102_Franz_Liszt_Rhapsodie_Espagnole_S_254.wav,743.27,Romantic
Franz Liszt,"Transcendental Etude No. 4 ""Mazeppa""",train,2008,midi/romantic/ROM_103_Franz_Liszt_Transcendental_Etude_No_4.midi,audio/romantic/ROM_103_Franz_Liszt_Transcendental_Etude_No_4.wav,494.71,Romantic
Franz Liszt,"Sonata in B Minor, S. 178",train,2009,midi/romantic/ROM_104_Franz_Liszt_Sonata_in_B_Minor_S_178.midi,audio/romantic/ROM_104_Franz_Liszt_Sonata_in_B_Minor_S_178.wav,1670.37,Romantic
Franz Liszt,Dante Sonata,train,2006,midi/romantic/ROM_105_Franz_Liszt_Dante_Sonata.midi,audio/romantic/ROM_105_Franz_Liszt_Dante_Sonata.wav,913.15,Romantic
Franz Liszt,"Transcendental Etude No. 1 ""Prelude""",train,2008,midi/romantic/ROM_106_Franz_Liszt_Transcendental_Etude_No_1.midi,audio/romantic/ROM_106_Franz_Liszt_Transcendental_Etude_No_1.wav,53.94,Romantic
Franz Liszt,Dante Sonata,train,2009,midi/romantic/ROM_107_Franz_Liszt_Dante_Sonata.midi,audio/romantic/ROM_107_Franz_Liszt_Dante_Sonata.wav,901.17,Romantic
Franz Liszt,Rhapsodie Espagnole,train,2008,midi/romantic/ROM_108_Franz_Liszt_Rhapsodie_Espagnole.midi,audio/romantic/ROM_108_Franz_Liszt_Rhapsodie_Espagnole.wav,794.3,Romantic
Franz Liszt,"Après une lecture de Dante: Fantasia quasi Sonata, S.161, No. 7",train,2014,midi/romantic/ROM_109_Franz_Liszt_Apr_s_une_lecture_de_Dant.midi,audio/romantic/ROM_109_Franz_Liszt_Apr_s_une_lecture_de_Dant.wav,1027.35,Romantic
Franz Liszt,Transcendental Etude No. 10 in F Minor,train,2013,midi/romantic/ROM_110_Franz_Liszt_Transcendental_Etude_No_1.midi,audio/romantic/ROM_110_Franz_Liszt_Transcendental_Etude_No_1.wav,257.28,Romantic
Franz Liszt,"Transcendental Etude No. 11 ""Harmonies du Soir""",validation,2008,midi/romantic/ROM_111_Franz_Liszt_Transcendental_Etude_No_1.midi,audio/romantic/ROM_111_Franz_Liszt_Transcendental_Etude_No_1.wav,607.48,Romantic
Franz Liszt,"Grandes études de Paganini, No. 3 ""La campanella"", S.141/3",train,2017,midi/romantic/ROM_112_Franz_Liszt_Grandes_tudes_de_Paganini.midi,audio/romantic/ROM_112_Franz_Liszt_Grandes_tudes_de_Paganini.wav,264.79,Romantic
Franz Liszt,Sonata in B Min.,test,2006,midi/romantic/ROM_113_Franz_Liszt_Sonata_in_B_Min.midi,audio/romantic/ROM_113_Franz_Liszt_Sonata_in_B_Min.wav,1396.31,Romantic
Franz Liszt,"Tarantella, Venezia e Napoli in G Minor, S.159",train,2017,midi/romantic/ROM_114_Franz_Liszt_Tarantella_Venezia_e_Napo.midi,audio/romantic/ROM_114_Franz_Liszt_Tarantella_Venezia_e_Napo.wav,504.1,Romantic
Franz Liszt,"Sonata in B Minor, S. 178",train,2014,midi/romantic/ROM_115_Franz_Liszt_Sonata_in_B_Minor_S_178.midi,audio/romantic/ROM_115_Franz_Liszt_Sonata_in_B_Minor_S_178.wav,1480.27,Romantic
Franz Liszt,"Concert Etude No. 2, ""Gnomenreigen"", S. 145/2",train,2011,midi/romantic/ROM_116_Franz_Liszt_Concert_Etude_No_2_Gnomen.midi,audio/romantic/ROM_116_Franz_Liszt_Concert_Etude_No_2_Gnomen.wav,154.98,Romantic
Franz Liszt,"Ballade No. 2 in B Minor, S. 171",train,2011,midi/romantic/ROM_117_Franz_Liszt_Ballade_No_2_in_B_Minor_S.midi,audio/romantic/ROM_117_Franz_Liszt_Ballade_No_2_in_B_Minor_S.wav,821.0,Romantic
Franz Liszt,Venezia e Napoli,train,2011,midi/romantic/ROM_118_Franz_Liszt_Venezia_e_Napoli.midi,audio/romantic/ROM_118_Franz_Liszt_Venezia_e_Napoli.wav,328.06,Romantic
Franz Liszt,"Concert Etude ""Gnomenreigen""",validation,2008,midi/romantic/ROM_119_Franz_Liszt_Concert_Etude_Gnomenreige.midi,audio/romantic/ROM_119_Franz_Liszt_Concert_Etude_Gnomenreige.wav,168.18,Romantic
Franz Liszt,"Études d'exécution transcendante, No. 12, ""Chasse-Neige"" S.139/12",train,2017,midi/romantic/ROM_120_Franz_Liszt_tudes_d_ex_cution_transce.midi,audio/romantic/ROM_120_Franz_Liszt_tudes_d_ex_cution_transce.wav,270.73,Romantic
Franz Liszt,"Hungarian Rhapsody No. 2 in C-sharp Minor, S. 244/2",train,2015,midi/romantic/ROM_121_Franz_Liszt_Hungarian_Rhapsody_No_2_i.midi,audio/romantic/ROM_121_Franz_Liszt_Hungarian_Rhapsody_No_2_i.wav,539.08,Romantic
Franz Liszt,"Rhapsodie Espagnole, S. 254",train,2013,midi/romantic/ROM_122_Franz_Liszt_Rhapsodie_Espagnole_S_254.midi,audio/romantic/ROM_122_Franz_Liszt_Rhapsodie_Espagnole_S_254.wav,771.03,Romantic
Franz Liszt,"Sonata In B Minor, S. 178",train,2018,midi/romantic/ROM_123_Franz_Liszt_Sonata_In_B_Minor_S_178.midi,audio/romantic/ROM_123_Franz_Liszt_Sonata_In_B_Minor_S_178.wav,1700.13,Romantic
Franz Liszt,"Hungarian Rhapsody No. 6, S.244/6",train,2017,midi/romantic/ROM_124_Franz_Liszt_Hungarian_Rhapsody_No_6_S.midi,audio/romantic/ROM_124_Franz_Liszt_Hungarian_Rhapsody_No_6_S.wav,386.8,Romantic
Franz Liszt,"""La Campanella""",train,2008,midi/romantic/ROM_125_Franz_Liszt_La_Campanella.midi,audio/romantic/ROM_125_Franz_Liszt_La_Campanella.wav,273.16,Romantic
Franz Liszt,"Concert Etude ""La Leggierezza""",train,2013,midi/romantic/ROM_126_Franz_Liszt_Concert_Etude_La_Leggiere.midi,audio/romantic/ROM_126_Franz_Liszt_Concert_Etude_La_Leggiere.wav,303.81,Romantic
Franz Liszt,Hungarian Rhapsody No. 13 (arr. Volodos),test,2013,midi/romantic/ROM_127_Franz_Liszt_Hungarian_Rhapsody_No_13_.midi,audio/romantic/ROM_127_Franz_Liszt_Hungarian_Rhapsody_No_13_.wav,421.86,Romantic
Franz Liszt,Mephisto Waltz,train,2006,midi/romantic/ROM_128_Franz_Liszt_Mephisto_Waltz.midi,audio/romantic/ROM_128_Franz_Liszt_Mephisto_Waltz.wav,670.28,Romantic
Franz Liszt,Dante Sonata,train,2004,midi/romantic/ROM_129_Franz_Liszt_Dante_Sonata.midi,audio/romantic/ROM_129_Franz_Liszt_Dante_Sonata.wav,1005.01,Romantic
Franz Liszt,"Rhapsodie Espagnole, S. 254",train,2018,midi/romantic/ROM_130_Franz_Liszt_Rhapsodie_Espagnole_S_254.midi,audio/romantic/ROM_130_Franz_Liszt_Rhapsodie_Espagnole_S_254.wav,794.98,Romantic
Robert Schumann,"Davidsbundlertanze, Op. 6",validation,2004,midi/romantic/ROM_131_Robert_Schumann_Davidsbundlertanze_Op_6.midi,audio/romantic/ROM_131_Robert_Schumann_Davidsbundlertanze_Op_6.wav,2097.18,Romantic
Robert Schumann,"Toccata in C Major, Op. 7",train,2014,midi/romantic/ROM_132_Robert_Schumann_Toccata_in_C_Major_Op_7.midi,audio/romantic/ROM_132_Robert_Schumann_Toccata_in_C_Major_Op_7.wav,404.08,Romantic
Robert Schumann,"Toccata in C Major, Opus 7",train,2004,midi/romantic/ROM_133_Robert_Schumann_Toccata_in_C_Major_Opus_7.midi,audio/romantic/ROM_133_Robert_Schumann_Toccata_in_C_Major_Opus_7.wav,312.66,Romantic
Robert Schumann,Toccata Op. 7,train,2006,midi/romantic/ROM_134_Robert_Schumann_Toccata_Op_7.midi,audio/romantic/ROM_134_Robert_Schumann_Toccata_Op_7.wav,311.43,Romantic
Robert Schumann,"Fantasy in C Major, Op. 17",train,2018,midi/romantic/ROM_135_Robert_Schumann_Fantasy_in_C_Major_Op_17.midi,audio/romantic/ROM_135_Robert_Schumann_Fantasy_in_C_Major_Op_17.wav,2028.96,Romantic
Robert Schumann,"Romances Op. 28, Nos. 2 and 3",train,2011,midi/romantic/ROM_136_Robert_Schumann_Romances_Op_28_Nos_2_and_.midi,audio/romantic/ROM_136_Robert_Schumann_Romances_Op_28_Nos_2_and_.wav,245.83,Romantic
Robert Schumann,"Kreisleriana, Op. 16 (Complete)",train,2014,midi/romantic/ROM_137_Robert_Schumann_Kreisleriana_Op_16_Comple.midi,audio/romantic/ROM_137_Robert_Schumann_Kreisleriana_Op_16_Comple.wav,2014.86,Romantic
Robert Schumann,"Kreisleriana, Op. 16 (1st edition) (Complete)",train,2014,midi/romantic/ROM_138_Robert_Schumann_Kreisleriana_Op_16_1st_ed.midi,audio/romantic/ROM_138_Robert_Schumann_Kreisleriana_Op_16_1st_ed.wav,1873.31,Romantic
Robert Schumann,"Sonata No. 1 in F-sharp Minor, Op. 11",train,2009,midi/romantic/ROM_139_Robert_Schumann_Sonata_No_1_in_F-sharp_Mi.midi,audio/romantic/ROM_139_Robert_Schumann_Sonata_No_1_in_F-sharp_Mi.wav,1582.89,Romantic
Robert Schumann,"Humoresque, Op. 20",train,2014,midi/romantic/ROM_140_Robert_Schumann_Humoresque_Op_20.midi,audio/romantic/ROM_140_Robert_Schumann_Humoresque_Op_20.wav,1634.32,Romantic
Robert Schumann,"Carnaval, Op. 9",test,2014,midi/romantic/ROM_141_Robert_Schumann_Carnaval_Op_9.midi,audio/romantic/ROM_141_Robert_Schumann_Carnaval_Op_9.wav,1286.41,Romantic
Robert Schumann,"ABEGG Variations, Op. 1",validation,2013,midi/romantic/ROM_142_Robert_Schumann_ABEGG_Variations_Op_1.midi,audio/romantic/ROM_142_Robert_Schumann_ABEGG_Variations_Op_1.wav,451.66,Romantic
Robert Schumann,"Sonata No. 2 in G Minor, Op. 22 (Complete)",test,2017,midi/romantic/ROM_143_Robert_Schumann_Sonata_No_2_in_G_Minor_Op.midi,audio/romantic/ROM_143_Robert_Schumann_Sonata_No_2_in_G_Minor_Op.wav,981.03,Romantic
Robert Schumann,"Arabesque, Op. 18",train,2013,midi/romantic/ROM_144_Robert_Schumann_Arabesque_Op_18.midi,audio/romantic/ROM_144_Robert_Schumann_Arabesque_Op_18.wav,382.7,Romantic
Robert Schumann,"ABEGG Variations, Op. 1",train,2013,midi/romantic/ROM_145_Robert_Schumann_ABEGG_Variations_Op_1.midi,audio/romantic/ROM_145_Robert_Schumann_ABEGG_Variations_Op_1.wav,450.52,Romantic
Robert Schumann,"ABEGG Variations, Op. 1",train,2011,midi/romantic/ROM_146_Robert_Schumann_ABEGG_Variations_Op_1.midi,audio/romantic/ROM_146_Robert_Schumann_ABEGG_Variations_Op_1.wav,493.86,Romantic
Robert Schumann,"Symphonic Etudes, Op. 13",train,2009,midi/romantic/ROM_147_Robert_Schumann_Symphonic_Etudes_Op_13.midi,audio/romantic/ROM_147_Robert_Schumann_Symphonic_Etudes_Op_13.wav,1317.44,Romantic
Robert Schumann,"Symphonic Etudes, Op. 13",train,2014,midi/romantic/ROM_148_Robert_Schumann_Symphonic_Etudes_Op_13.midi,audio/romantic/ROM_148_Robert_Schumann_Symphonic_Etudes_Op_13.wav,1650.67,Romantic
Robert Schumann,"Toccata in C Major, Op. 7",train,2014,midi/romantic/ROM_149_Robert_Schumann_Toccata_in_C_Major_Op_7.midi,audio/romantic/ROM_149_Robert_Schumann_Toccata_in_C_Major_Op_7.wav,292.59,Romantic
Robert Schumann,Fantasie Op. 17,train,2018,midi/romantic/ROM_150_Robert_Schumann_Fantasie_Op_17.midi,audio/romantic/ROM_150_Robert_Schumann_Fantasie_Op_17.wav,1894.08,Romantic
Robert Schumann,"Carnaval, Op. 9",validation,2004,midi/romantic/ROM_151_Robert_Schumann_Carnaval_Op_9.midi,audio/romantic/ROM_151_Robert_Schumann_Carnaval_Op_9.wav,1703.21,Romantic
Robert Schumann,"Fantasy Pieces, Op. 12",test,2004,midi/romantic/ROM_152_Robert_Schumann_Fantasy_Pieces_Op_12.midi,audio/romantic/ROM_152_Robert_Schumann_Fantasy_Pieces_Op_12.wav,1255.96,Romantic
Robert Schumann,"Kreisleriana, Op. 16",train,2009,midi/romantic/ROM_153_Robert_Schumann_Kreisleriana_Op_16.midi,audio/romantic/ROM_153_Robert_Schumann_Kreisleriana_Op_16.wav,1893.88,Romantic
Robert Schumann,"Sonata No. 2 in G Minor, Op. 22 (Complete)",train,2014,midi/romantic/ROM_154_Robert_Schumann_Sonata_No_2_in_G_Minor_Op.midi,audio/romantic/ROM_154_Robert_Schumann_Sonata_No_2_in_G_Minor_Op.wav,1128.44,Romantic
Robert Schumann,"Sonata No. 1 in F-Sharp Minor, Op. 11 (Complete)",train,2014,midi/romantic/ROM_155_Robert_Schumann_Sonata_No_1_in_F-Sharp_Mi.midi,audio/romantic/ROM_155_Robert_Schumann_Sonata_No_1_in_F-Sharp_Mi.wav,1913.92,Romantic
Johannes Brahms,"Paganini Variations, Op. 35 Books I and II",train,2009,midi/romantic/ROM_156_Johannes_Brahms_Paganini_Variations_Op_35.midi,audio/romantic/ROM_156_Johannes_Brahms_Paganini_Variations_Op_35.wav,1275.89,Romantic
Johannes Brahms,"Sonata in F Minor, Op. 5",validation,2004,midi/romantic/ROM_157_Johannes_Brahms_Sonata_in_F_Minor_Op_5.midi,audio/romantic/ROM_157_Johannes_Brahms_Sonata_in_F_Minor_Op_5.wav,477.5,Romantic
Johannes Brahms,"16 Waltzes, Op. 39",train,2004,midi/romantic/ROM_158_Johannes_Brahms_16_Waltzes_Op_39.midi,audio/romantic/ROM_158_Johannes_Brahms_16_Waltzes_Op_39.wav,1064.86,Romantic
Johannes Brahms,"Variations on a Theme by Paganini, Op. 35, Volumes 1 & 2",train,2004,midi/romantic/ROM_159_Johannes_Brahms_Variations_on_a_Theme_by_.midi,audio/romantic/ROM_159_Johannes_Brahms_Variations_on_a_Theme_by_.wav,1479.74,Romantic
Johannes Brahms,"Sonata 2 F-sharp Minor, Op. 2",train,2009,midi/romantic/ROM_160_Johannes_Brahms_Sonata_2_F-sharp_Minor_Op.midi,audio/romantic/ROM_160_Johannes_Brahms_Sonata_2_F-sharp_Minor_Op.wav,1445.4,Romantic
Johannes Brahms,Rhapsody Op. 79 No. 1 in B minor,validation,2015,midi/romantic/ROM_161_Johannes_Brahms_Rhapsody_Op_79_No_1_in_B_.midi,audio/romantic/ROM_161_Johannes_Brahms_Rhapsody_Op_79_No_1_in_B_.wav,551.77,Romantic
Johannes Brahms,"Sonata No. 1 in C Major, Op. 1",train,2009,midi/romantic/ROM_162_Johannes_Brahms_Sonata_No_1_in_C_Major_Op.midi,audio/romantic/ROM_162_Johannes_Brahms_Sonata_No_1_in_C_Major_Op.wav,1577.25,Romantic
Johannes Brahms,Fantasias Op. 116 (Selections),validation,2017,midi/romantic/ROM_163_Johannes_Brahms_Fantasias_Op_116_Selectio.midi,audio/romantic/ROM_163_Johannes_Brahms_Fantasias_Op_116_Selectio.wav,982.8,Romantic
Johannes Brahms,"Variations on a Theme by Paganini, Op. 35, Book II",test,2013,midi/romantic/ROM_164_Johannes_Brahms_Variations_on_a_Theme_by_.midi,audio/romantic/ROM_164_Johannes_Brahms_Variations_on_a_Theme_by_.wav,678.29,Romantic
Johannes Brahms,Intermezzos Op. 119,train,2018,midi/romantic/ROM_165_Johannes_Brahms_Intermezzos_Op_119.midi,audio/romantic/ROM_165_Johannes_Brahms_Intermezzos_Op_119.wav,834.48,Romantic
Johannes Brahms,Fantasien Op.116,train,2006,midi/romantic/ROM_166_Johannes_Brahms_Fantasien_Op_116.midi,audio/romantic/ROM_166_Johannes_Brahms_Fantasien_Op_116.wav,1357.78,Romantic
Johannes Brahms,Sonata No. 1,train,2006,midi/romantic/ROM_167_Johannes_Brahms_Sonata_No_1.midi,audio/romantic/ROM_167_Johannes_Brahms_Sonata_No_1.wav,1673.37,Romantic
Johannes Brahms,Sonata Op. 5,train,2006,midi/romantic/ROM_168_Johannes_Brahms_Sonata_Op_5.midi,audio/romantic/ROM_168_Johannes_Brahms_Sonata_Op_5.wav,2008.69,Romantic
Johannes Brahms,"Fantasies, Op. 116 No. 7 (Complete)",test,2014,midi/romantic/ROM_169_Johannes_Brahms_Fantasies_Op_116_No_7_Com.midi,audio/romantic/ROM_169_Johannes_Brahms_Fantasies_Op_116_No_7_Com.wav,1278.6,Romantic
Johannes Brahms,Intermezzo Op. 118 No. 6 in E-flat Minor,train,2008,midi/romantic/ROM_170_Johannes_Brahms_Intermezzo_Op_118_No_6_in.midi,audio/romantic/ROM_170_Johannes_Brahms_Intermezzo_Op_118_No_6_in.wav,322.24,Romantic
Johannes Brahms,"Variations on a Theme by Paganini, Op. 35 Book II",train,2015,midi/romantic/ROM_171_Johannes_Brahms_Variations_on_a_Theme_by_.midi,audio/romantic/ROM_171_Johannes_Brahms_Variations_on_a_Theme_by_.wav,630.98,Romantic
Johannes Brahms,"Sonata in F Minor, Op. 5",train,2004,midi/romantic/ROM_172_Johannes_Brahms_Sonata_in_F_Minor_Op_5.midi,audio/romantic/ROM_172_Johannes_Brahms_Sonata_in_F_Minor_Op_5.wav,994.14,Romantic
Johannes Brahms,"Variations on a Theme by Paganini, Op. 35 Book II",train,2015,midi/romantic/ROM_173_Johannes_Brahms_Variations_on_a_Theme_by_.midi,audio/romantic/ROM_173_Johannes_Brahms_Variations_on_a_Theme_by_.wav,636.2,Romantic
Johannes Brahms,"Sonata in F Minor, Op. 5",train,2004,midi/romantic/ROM_174_Johannes_Brahms_Sonata_in_F_Minor_Op_5.midi,audio/romantic/ROM_174_Johannes_Brahms_Sonata_in_F_Minor_Op_5.wav,662.27,Romantic
Johannes Brahms,Variations on a theme by Paganini (Books I & II),validation,2004,midi/romantic/ROM_175_Johannes_Brahms_Variations_on_a_theme_by_.midi,audio/romantic/ROM_175_Johannes_Brahms_Variations_on_a_theme_by_.wav,1449.02,Romantic
Felix Mendelssohn,"Variations Serieuses, Op. 54",test,2008,midi/romantic/ROM_176_Felix_Mendelssohn_Variations_Serieuses_Op_5.midi,audio/romantic/ROM_176_Felix_Mendelssohn_Variations_Serieuses_Op_5.wav,641.79,Romantic
Felix Mendelssohn,"Variations sérieuses, Op. 54",train,2015,midi/romantic/ROM_177_Felix_Mendelssohn_Variations_s_rieuses_Op_5.midi,audio/romantic/ROM_177_Felix_Mendelssohn_Variations_s_rieuses_Op_5.wav,623.72,Romantic
Felix Mendelssohn,Variations Serieuses Op. 54,train,2017,midi/romantic/ROM_178_Felix_Mendelssohn_Variations_Serieuses_Op_5.midi,audio/romantic/ROM_178_Felix_Mendelssohn_Variations_Serieuses_Op_5.wav,632.12,Romantic
Felix Mendelssohn,"Variations Serieuses, Op. 54",train,2011,midi/romantic/ROM_179_Felix_Mendelssohn_Variations_Serieuses_Op_5.midi,audio/romantic/ROM_179_Felix_Mendelssohn_Variations_Serieuses_Op_5.wav,643.55,Romantic
Felix Mendelssohn,Etude in A Minor,test,2008,midi/romantic/ROM_180_Felix_Mendelssohn_Etude_in_A_Minor.midi,audio/romantic/ROM_180_Felix_Mendelssohn_Etude_in_A_Minor.wav,76.04,Romantic
Felix Mendelssohn,"Variations Serieuses, Op. 54",train,2015,midi/romantic/ROM_181_Felix_Mendelssohn_Variations_Serieuses_Op_5.midi,audio/romantic/ROM_181_Felix_Mendelssohn_Variations_Serieuses_Op_5.wav,677.24,Romantic
Felix Mendelssohn,"Variations Serieuses, Op. 54",train,2013,midi/romantic/ROM_182_Felix_Mendelssohn_Variations_Serieuses_Op_5.midi,audio/romantic/ROM_182_Felix_Mendelssohn_Variations_Serieuses_Op_5.wav,642.63,Romantic
Felix Mendelssohn,"Variations Serieuses, Op. 54",train,2011,midi/romantic/ROM_183_Felix_Mendelssohn_Variations_Serieuses_Op_5.midi,audio/romantic/ROM_183_Felix_Mendelssohn_Variations_Serieuses_Op_5.wav,706.74,Romantic
Felix Mendelssohn,"Variations Serieuses, Op. 54",train,2008,midi/romantic/ROM_184_Felix_Mendelssohn_Variations_Serieuses_Op_5.midi,audio/romantic/ROM_184_Felix_Mendelssohn_Variations_Serieuses_Op_5.wav,723.03,Romantic
Felix Mendelssohn,"Variations Serieuses, Op. 54",train,2015,midi/romantic/ROM_185_Felix_Mendelssohn_Variations_Serieuses_Op_5.midi,audio/romantic/ROM_185_Felix_Mendelssohn_Variations_Serieuses_Op_5.wav,667.12,Romantic
Franz Schubert,"Impromptus Op. 90, No. 3",train,2004,midi/romantic/ROM_186_Franz_Schubert_Impromptus_Op_90_No_3.midi,audio/romantic/ROM_186_Franz_Schubert_Impromptus_Op_90_No_3.wav,340.53,Romantic
Franz Schubert / Franz Liszt,Gretchen am Spinnrade,train,2018,midi/romantic/ROM_187_Franz_Schubert_Franz_Lisz_Gretchen_am_Spinnrade.midi,audio/romantic/ROM_187_Franz_Schubert_Franz_Lisz_Gretchen_am_Spinnrade.wav,199.14,Romantic
Robert Schumann,Kreisleriana,train,2006,midi/romantic/ROM_188_Robert_Schumann_Kreisleriana.midi,audio/romantic/ROM_188_Robert_Schumann_Kreisleriana.wav,1888.42,Romantic
Franz Liszt,"Paganini Etude No. 3, S. 141/3 ""La Campanella""",train,2013,midi/romantic/ROM_189_Franz_Liszt_Paganini_Etude_No_3_S_141.midi,audio/romantic/ROM_189_Franz_Liszt_Paganini_Etude_No_3_S_141.wav,274.47,Romantic
Mikhail Glinka / Mily Balakirev,Lark,train,2008,midi/romantic/ROM_190_Mikhail_Glinka_Mily_Balak_Lark.midi,audio/romantic/ROM_190_Mikhail_Glinka_Mily_Balak_Lark.wav,326.59,Romantic
Franz Liszt,Rhapsodie Espagnole,train,2008,midi/romantic/ROM_191_Franz_Liszt_Rhapsodie_Espagnole.midi,audio/romantic/ROM_191_Franz_Liszt_Rhapsodie_Espagnole.wav,750.8,Romantic
Frédéric Chopin,"Barcarolle, Op. 60",test,2013,midi/romantic/ROM_192_Fr_d_ric_Chopin_Barcarolle_Op_60.midi,audio/romantic/ROM_192_Fr_d_ric_Chopin_Barcarolle_Op_60.wav,536.13,Romantic
Franz Schubert,Impromptu Op. 142 No. 3 in B-flat Major,train,2015,midi/romantic/ROM_193_Franz_Schubert_Impromptu_Op_142_No_3_in_.midi,audio/romantic/ROM_193_Franz_Schubert_Impromptu_Op_142_No_3_in_.wav,392.01,Romantic
Pyotr Ilyich Tchaikovsky / Mikhail Pletnev,"Andante Maestoso from ""Nutcracker Suite""",test,2008,midi/romantic/ROM_194_Pyotr_Ilyich_Tchaikovsky__Andante_Maestoso_from_Nut.midi,audio/romantic/ROM_194_Pyotr_Ilyich_Tchaikovsky__Andante_Maestoso_from_Nut.wav,272.69,Romantic
Robert Schumann,Symphonic Etudes Op. 13,train,2018,midi/romantic/ROM_195_Robert_Schumann_Symphonic_Etudes_Op_13.midi,audio/romantic/ROM_195_Robert_Schumann_Symphonic_Etudes_Op_13.wav,1526.66,Romantic
Franz Schubert,"Sonata in B-flat Major, D. 960 (Complete)",train,2014,midi/romantic/ROM_196_Franz_Schubert_Sonata_in_B-flat_Major_D_.midi,audio/romantic/ROM_196_Franz_Schubert_Sonata_in_B-flat_Major_D_.wav,2213.11,Romantic
Edvard Grieg,"Lyric Piece in E Minor, “Waltz,” Op. 38 No. 7",train,2014,midi/romantic/ROM_197_Edvard_Grieg_Lyric_Piece_in_E_Minor_Wa.midi,audio/romantic/ROM_197_Edvard_Grieg_Lyric_Piece_in_E_Minor_Wa.wav,75.85,Romantic
Frédéric Chopin,"Scherzo No. 4 in E Major, Op. 54",train,2015,midi/romantic/ROM_198_Fr_d_ric_Chopin_Scherzo_No_4_in_E_Major_O.midi,audio/romantic/ROM_198_Fr_d_ric_Chopin_Scherzo_No_4_in_E_Major_O.wav,665.49,Romantic
Franz Liszt,"Rhapsodie Espagnole, S. 254",validation,2015,midi/romantic/ROM_199_Franz_Liszt_Rhapsodie_Espagnole_S_254.midi,audio/romantic/ROM_199_Franz_Liszt_Rhapsodie_Espagnole_S_254.wav,783.33,Romantic
Frédéric Chopin,"Complete Etudes, Opus 25",train,2004,midi/romantic/ROM_200_Fr_d_ric_Chopin_Complete_Etudes_Opus_25.midi,audio/romantic/ROM_200_Fr_d_ric_Chopin_Complete_Etudes_Opus_25.wav,604.44,Romantic
Fritz Kreisler / Sergei Rachmaninoff,Liebesfreud,train,2011,midi/late_romantic/LRO_001_Fritz_Kreisler_Sergei_Rac_Liebesfreud.midi,audio/late_romantic/LRO_001_Fritz_Kreisler_Sergei_Rac_Liebesfreud.wav,369.95,Late Romantic
Nikolai Medtner,"Fairy Tale in D Minor, Op. 54",train,2009,midi/late_romantic/LRO_002_Nikolai_Medtner_Fairy_Tale_in_D_Minor_Op_.midi,audio/late_romantic/LRO_002_Nikolai_Medtner_Fairy_Tale_in_D_Minor_Op_.wav,365.33,Late Romantic
Nikolai Medtner,"Fairy Tales Op. 51 No. 1, 2 and No. 3",train,2017,midi/late_romantic/LRO_003_Nikolai_Medtner_Fairy_Tales_Op_51_No_1_2_.midi,audio/late_romantic/LRO_003_Nikolai_Medtner_Fairy_Tales_Op_51_No_1_2_.wav,671.69,Late Romantic
Nikolai Medtner,"Sonata Tragica, Op. 39, No. 5",train,2014,midi/late_romantic/LRO_004_Nikolai_Medtner_Sonata_Tragica_Op_39_No_5.midi,audio/late_romantic/LRO_004_Nikolai_Medtner_Sonata_Tragica_Op_39_No_5.wav,609.92,Late Romantic
Nikolai Medtner,"Three Fairy Tales ""Skazki"" from Op. 34",train,2018,midi/late_romantic/LRO_005_Nikolai_Medtner_Three_Fairy_Tales_Skazki_.midi,audio/late_romantic/LRO_005_Nikolai_Medtner_Three_Fairy_Tales_Skazki_.wav,727.83,Late Romantic
Nikolai Medtner,Two Fairy Tales,train,2006,midi/late_romantic/LRO_006_Nikolai_Medtner_Two_Fairy_Tales.midi,audio/late_romantic/LRO_006_Nikolai_Medtner_Two_Fairy_Tales.wav,412.67,Late Romantic
Nikolai Rimsky-Korsakov / Sergei Rachmaninoff,The Flight of the Bunble-Bee,train,2008,midi/late_romantic/LRO_007_Nikolai_Rimsky-Korsakov_S_The_Flight_of_the_Bunble-.midi,audio/late_romantic/LRO_007_Nikolai_Rimsky-Korsakov_S_The_Flight_of_the_Bunble-.wav,63.38,Late Romantic
Sergei Rachmaninoff,Corelli Var.Op42,validation,2006,midi/late_romantic/LRO_008_Sergei_Rachmaninoff_Corelli_Var_Op42.midi,audio/late_romantic/LRO_008_Sergei_Rachmaninoff_Corelli_Var_Op42.wav,1103.91,Late Romantic
Sergei Rachmaninoff,Elegie in E-Flat Minor Op. 3,validation,2011,midi/late_romantic/LRO_009_Sergei_Rachmaninoff_Elegie_in_E-Flat_Minor_Op.midi,audio/late_romantic/LRO_009_Sergei_Rachmaninoff_Elegie_in_E-Flat_Minor_Op.wav,376.32,Late Romantic
Sergei Rachmaninoff,"Elegie in E-flat Minor, Op. 3 No. 1",train,2013,midi/late_romantic/LRO_010_Sergei_Rachmaninoff_Elegie_in_E-flat_Minor_Op.midi,audio/late_romantic/LRO_010_Sergei_Rachmaninoff_Elegie_in_E-flat_Minor_Op.wav,302.1,Late Romantic
Sergei Rachmaninoff,"Elegy Op. 3, No. 1",train,2004,midi/late_romantic/LRO_011_Sergei_Rachmaninoff_Elegy_Op_3_No_1.midi,audio/late_romantic/LRO_011_Sergei_Rachmaninoff_Elegy_Op_3_No_1.wav,321.44,Late Romantic
Sergei Rachmaninoff,Etude Tableau Op. 39 No. 5,test,2018,midi/late_romantic/LRO_012_Sergei_Rachmaninoff_Etude_Tableau_Op_39_No_5.midi,audio/late_romantic/LRO_012_Sergei_Rachmaninoff_Etude_Tableau_Op_39_No_5.wav,291.91,Late Romantic
Sergei Rachmaninoff,Etude Tableaux Op. 39 No. 1 in C Minor,validation,2008,midi/late_romantic/LRO_013_Sergei_Rachmaninoff_Etude_Tableaux_Op_39_No_1.midi,audio/late_romantic/LRO_013_Sergei_Rachmaninoff_Etude_Tableaux_Op_39_No_1.wav,164.62,Late Romantic
Sergei Rachmaninoff,Etude Tableaux Op. 39 No. 6 in A Minor,train,2008,midi/late_romantic/LRO_014_Sergei_Rachmaninoff_Etude_Tableaux_Op_39_No_6.midi,audio/late_romantic/LRO_014_Sergei_Rachmaninoff_Etude_Tableaux_Op_39_No_6.wav,153.79,Late Romantic
Sergei Rachmaninoff,Etude-Tableau Op. 39 No. 6 in A Minor,test,2017,midi/late_romantic/LRO_015_Sergei_Rachmaninoff_Etude-Tableau_Op_39_No_6_.midi,audio/late_romantic/LRO_015_Sergei_Rachmaninoff_Etude-Tableau_Op_39_No_6_.wav,161.91,Late Romantic
Sergei Rachmaninoff,"Etude-Tableau in C Minor, Op. 39, No. 1",validation,2014,midi/late_romantic/LRO_016_Sergei_Rachmaninoff_Etude-Tableau_in_C_Minor_.midi,audio/late_romantic/LRO_016_Sergei_Rachmaninoff_Etude-Tableau_in_C_Minor_.wav,197.37,Late Romantic
Sergei Rachmaninoff,"Etude-Tableau in E-flat Minor, op. 39 No. 5",train,2015,midi/late_romantic/LRO_017_Sergei_Rachmaninoff_Etude-Tableau_in_E-flat_M.midi,audio/late_romantic/LRO_017_Sergei_Rachmaninoff_Etude-Tableau_in_E-flat_M.wav,280.05,Late Romantic
Sergei Rachmaninoff,"Etude-Tableau, Op. 39 No. 6 in A Minor",train,2011,midi/late_romantic/LRO_018_Sergei_Rachmaninoff_Etude-Tableau_Op_39_No_6_.midi,audio/late_romantic/LRO_018_Sergei_Rachmaninoff_Etude-Tableau_Op_39_No_6_.wav,154.99,Late Romantic
Sergei Rachmaninoff,Etude-Tableaux Op. 39 No. 5,train,2013,midi/late_romantic/LRO_019_Sergei_Rachmaninoff_Etude-Tableaux_Op_39_No_5.midi,audio/late_romantic/LRO_019_Sergei_Rachmaninoff_Etude-Tableaux_Op_39_No_5.wav,262.04,Late Romantic
Sergei Rachmaninoff,Etude-Tableaux Op. 39 No. 5 in E-flat Minor,train,2008,midi/late_romantic/LRO_020_Sergei_Rachmaninoff_Etude-Tableaux_Op_39_No_5.midi,audio/late_romantic/LRO_020_Sergei_Rachmaninoff_Etude-Tableaux_Op_39_No_5.wav,273.57,Late Romantic
Sergei Rachmaninoff,Etude-Tableaux Op. 39 No. 6 in A Minor,train,2008,midi/late_romantic/LRO_021_Sergei_Rachmaninoff_Etude-Tableaux_Op_39_No_6.midi,audio/late_romantic/LRO_021_Sergei_Rachmaninoff_Etude-Tableaux_Op_39_No_6.wav,158.79,Late Romantic
Sergei Rachmaninoff,"Etude-Tableaux, Opus 33 No. 3 in C Minor",train,2004,midi/late_romantic/LRO_022_Sergei_Rachmaninoff_Etude-Tableaux_Opus_33_No.midi,audio/late_romantic/LRO_022_Sergei_Rachmaninoff_Etude-Tableaux_Opus_33_No.wav,267.44,Late Romantic
Sergei Rachmaninoff,"Etude-Tableaux, Opus 39 No. 8 in D Minor",train,2004,midi/late_romantic/LRO_023_Sergei_Rachmaninoff_Etude-Tableaux_Opus_39_No.midi,audio/late_romantic/LRO_023_Sergei_Rachmaninoff_Etude-Tableaux_Opus_39_No.wav,190.85,Late Romantic
Sergei Rachmaninoff,Etudes-Tableaux,train,2006,midi/late_romantic/LRO_024_Sergei_Rachmaninoff_Etudes-Tableaux.midi,audio/late_romantic/LRO_024_Sergei_Rachmaninoff_Etudes-Tableaux.wav,204.88,Late Romantic
Sergei Rachmaninoff,Etudes-Tableaux Op. 33,train,2018,midi/late_romantic/LRO_025_Sergei_Rachmaninoff_Etudes-Tableaux_Op_33.midi,audio/late_romantic/LRO_025_Sergei_Rachmaninoff_Etudes-Tableaux_Op_33.wav,1355.38,Late Romantic
Sergei Rachmaninoff,"Humoresque Op. 10, No. 5",train,2004,midi/late_romantic/LRO_026_Sergei_Rachmaninoff_Humoresque_Op_10_No_5.midi,audio/late_romantic/LRO_026_Sergei_Rachmaninoff_Humoresque_Op_10_No_5.wav,217.92,Late Romantic
Sergei Rachmaninoff,Lilac,train,2006,midi/late_romantic/LRO_027_Sergei_Rachmaninoff_Lilac.midi,audio/late_romantic/LRO_027_Sergei_Rachmaninoff_Lilac.wav,138.39,Late Romantic
Sergei Rachmaninoff,"Moment Musical, Op. 16, No.4",train,2004,midi/late_romantic/LRO_028_Sergei_Rachmaninoff_Moment_Musical_Op_16_No_4.midi,audio/late_romantic/LRO_028_Sergei_Rachmaninoff_Moment_Musical_Op_16_No_4.wav,158.01,Late Romantic
Sergei Rachmaninoff,Moment Musicaux Op. 16 No. 4 in E Minor,train,2017,midi/late_romantic/LRO_029_Sergei_Rachmaninoff_Moment_Musicaux_Op_16_No_.midi,audio/late_romantic/LRO_029_Sergei_Rachmaninoff_Moment_Musicaux_Op_16_No_.wav,164.29,Late Romantic
Sergei Rachmaninoff,"Moment Musicaux, Op. 16 No. 3 in B Minor",train,2018,midi/late_romantic/LRO_030_Sergei_Rachmaninoff_Moment_Musicaux_Op_16_No_.midi,audio/late_romantic/LRO_030_Sergei_Rachmaninoff_Moment_Musicaux_Op_16_No_.wav,256.5,Late Romantic
Sergei Rachmaninoff,"Moment Musicaux, Op. 16 No. 4 in E Minor",train,2018,midi/late_romantic/LRO_031_Sergei_Rachmaninoff_Moment_Musicaux_Op_16_No_.midi,audio/late_romantic/LRO_031_Sergei_Rachmaninoff_Moment_Musicaux_Op_16_No_.wav,164.34,Late Romantic
Sergei Rachmaninoff,"Moment Musicaux, Op. 16 No. 5",train,2013,midi/late_romantic/LRO_032_Sergei_Rachmaninoff_Moment_Musicaux_Op_16_No_.midi,audio/late_romantic/LRO_032_Sergei_Rachmaninoff_Moment_Musicaux_Op_16_No_.wav,207.71,Late Romantic
Sergei Rachmaninoff,Moments Musicaux,train,2006,midi/late_romantic/LRO_033_Sergei_Rachmaninoff_Moments_Musicaux.midi,audio/late_romantic/LRO_033_Sergei_Rachmaninoff_Moments_Musicaux.wav,1750.78,Late Romantic
Sergei Rachmaninoff,"Moments Musicaux, Op. 16",train,2011,midi/late_romantic/LRO_034_Sergei_Rachmaninoff_Moments_Musicaux_Op_16.midi,audio/late_romantic/LRO_034_Sergei_Rachmaninoff_Moments_Musicaux_Op_16.wav,380.38,Late Romantic
Sergei Rachmaninoff,"Moments Musicaux, Op. 16",train,2011,midi/late_romantic/LRO_035_Sergei_Rachmaninoff_Moments_Musicaux_Op_16.midi,audio/late_romantic/LRO_035_Sergei_Rachmaninoff_Moments_Musicaux_Op_16.wav,177.22,Late Romantic
Sergei Rachmaninoff,"Moments Musicaux, Op. 16",train,2011,midi/late_romantic/LRO_036_Sergei_Rachmaninoff_Moments_Musicaux_Op_16.midi,audio/late_romantic/LRO_036_Sergei_Rachmaninoff_Moments_Musicaux_Op_16.wav,224.79,Late Romantic
Sergei Rachmaninoff,"Moments Musicaux, Op. 16",train,2011,midi/late_romantic/LRO_037_Sergei_Rachmaninoff_Moments_Musicaux_Op_16.midi,audio/late_romantic/LRO_037_Sergei_Rachmaninoff_Moments_Musicaux_Op_16.wav,162.59,Late Romantic
Sergei Rachmaninoff,"Moments Musicaux, Op. 16",train,2011,midi/late_romantic/LRO_038_Sergei_Rachmaninoff_Moments_Musicaux_Op_16.midi,audio/late_romantic/LRO_038_Sergei_Rachmaninoff_Moments_Musicaux_Op_16.wav,209.22,Late Romantic
Sergei Rachmaninoff,"Moments Musicaux, Op. 16",validation,2011,midi/late_romantic/LRO_039_Sergei_Rachmaninoff_Moments_Musicaux_Op_16.midi,audio/late_romantic/LRO_039_Sergei_Rachmaninoff_Moments_Musicaux_Op_16.wav,276.94,Late Romantic
Sergei Rachmaninoff,"Polka de ""W.R.""",train,2004,midi/late_romantic/LRO_040_Sergei_Rachmaninoff_Polka_de_W_R.midi,audio/late_romantic/LRO_040_Sergei_Rachmaninoff_Polka_de_W_R.wav,235.44,Late Romantic
Sergei Rachmaninoff,Polka de W. R.,train,2006,midi/late_romantic/LRO_041_Sergei_Rachmaninoff_Polka_de_W_R.midi,audio/late_romantic/LRO_041_Sergei_Rachmaninoff_Polka_de_W_R.wav,199.62,Late Romantic
Sergei Rachmaninoff,Polka de W.R.,test,2004,midi/late_romantic/LRO_042_Sergei_Rachmaninoff_Polka_de_W_R.midi,audio/late_romantic/LRO_042_Sergei_Rachmaninoff_Polka_de_W_R.wav,243.36,Late Romantic
Sergei Rachmaninoff,Prelude Op. 23 No. 4 in D Major,train,2015,midi/late_romantic/LRO_043_Sergei_Rachmaninoff_Prelude_Op_23_No_4_in_D_M.midi,audio/late_romantic/LRO_043_Sergei_Rachmaninoff_Prelude_Op_23_No_4_in_D_M.wav,264.13,Late Romantic
Sergei Rachmaninoff,Prelude Op. 23 No. 6 in E-flat Major,train,2008,midi/late_romantic/LRO_044_Sergei_Rachmaninoff_Prelude_Op_23_No_6_in_E-f.midi,audio/late_romantic/LRO_044_Sergei_Rachmaninoff_Prelude_Op_23_No_6_in_E-f.wav,167.49,Late Romantic
Sergei Rachmaninoff,"Prelude Op. 23, No. 2",train,2004,midi/late_romantic/LRO_045_Sergei_Rachmaninoff_Prelude_Op_23_No_2.midi,audio/late_romantic/LRO_045_Sergei_Rachmaninoff_Prelude_Op_23_No_2.wav,168.51,Late Romantic
Sergei Rachmaninoff,Prelude Op. 23/4,test,2006,midi/late_romantic/LRO_046_Sergei_Rachmaninoff_Prelude_Op_23_4.midi,audio/late_romantic/LRO_046_Sergei_Rachmaninoff_Prelude_Op_23_4.wav,240.63,Late Romantic
Sergei Rachmaninoff,Prelude Op. 3 No. 2 in C-sharp Minor,train,2018,midi/late_romantic/LRO_047_Sergei_Rachmaninoff_Prelude_Op_3_No_2_in_C-sh.midi,audio/late_romantic/LRO_047_Sergei_Rachmaninoff_Prelude_Op_3_No_2_in_C-sh.wav,239.85,Late Romantic
Sergei Rachmaninoff,Prelude Op. 32 No. 8 in A Minor,train,2015,midi/late_romantic/LRO_048_Sergei_Rachmaninoff_Prelude_Op_32_No_8_in_A_M.midi,audio/late_romantic/LRO_048_Sergei_Rachmaninoff_Prelude_Op_32_No_8_in_A_M.wav,109.87,Late Romantic
Sergei Rachmaninoff,"Prelude Op. 32, No. 10",train,2004,midi/late_romantic/LRO_049_Sergei_Rachmaninoff_Prelude_Op_32_No_10.midi,audio/late_romantic/LRO_049_Sergei_Rachmaninoff_Prelude_Op_32_No_10.wav,287.53,Late Romantic
Sergei Rachmaninoff,Prelude Op. 32/5,train,2006,midi/late_romantic/LRO_050_Sergei_Rachmaninoff_Prelude_Op_32_5.midi,audio/late_romantic/LRO_050_Sergei_Rachmaninoff_Prelude_Op_32_5.wav,365.46,Late Romantic
Sergei Rachmaninoff,"Prelude in C-sharp Minor, Op. 3, No. 2",train,2004,midi/late_romantic/LRO_051_Sergei_Rachmaninoff_Prelude_in_C-sharp_Minor_.midi,audio/late_romantic/LRO_051_Sergei_Rachmaninoff_Prelude_in_C-sharp_Minor_.wav,231.92,Late Romantic
Sergei Rachmaninoff,"Prelude in D Major, Op. 23, No. 4",validation,2014,midi/late_romantic/LRO_052_Sergei_Rachmaninoff_Prelude_in_D_Major_Op_23_.midi,audio/late_romantic/LRO_052_Sergei_Rachmaninoff_Prelude_in_D_Major_Op_23_.wav,280.86,Late Romantic
Sergei Rachmaninoff,"Prelude in D Major, Op. 23, No. 4",train,2013,midi/late_romantic/LRO_053_Sergei_Rachmaninoff_Prelude_in_D_Major_Op_23_.midi,audio/late_romantic/LRO_053_Sergei_Rachmaninoff_Prelude_in_D_Major_Op_23_.wav,263.72,Late Romantic
Sergei Rachmaninoff,"Prelude in G-Sharp Minor,Op. 32 No. 12",train,2011,midi/late_romantic/LRO_054_Sergei_Rachmaninoff_Prelude_in_G-Sharp_Minor_.midi,audio/late_romantic/LRO_054_Sergei_Rachmaninoff_Prelude_in_G-Sharp_Minor_.wav,127.74,Late Romantic
Sergei Rachmaninoff,"Preludes Op. 23, Nos. 2, 4 and 5",train,2018,midi/late_romantic/LRO_055_Sergei_Rachmaninoff_Preludes_Op_23_Nos_2_4_an.midi,audio/late_romantic/LRO_055_Sergei_Rachmaninoff_Preludes_Op_23_Nos_2_4_an.wav,700.4,Late Romantic
Sergei Rachmaninoff,Sonata No. 2 in B-Flat Minor Op. 36 (1913),train,2011,midi/late_romantic/LRO_056_Sergei_Rachmaninoff_Sonata_No_2_in_B-Flat_Min.midi,audio/late_romantic/LRO_056_Sergei_Rachmaninoff_Sonata_No_2_in_B-Flat_Min.wav,582.15,Late Romantic
Sergei Rachmaninoff,Sonata No. 2 in B-Flat Minor Op. 36 (1913),train,2011,midi/late_romantic/LRO_057_Sergei_Rachmaninoff_Sonata_No_2_in_B-Flat_Min.midi,audio/late_romantic/LRO_057_Sergei_Rachmaninoff_Sonata_No_2_in_B-Flat_Min.wav,293.42,Late Romantic
Sergei Rachmaninoff,Sonata No. 2 in B-Flat Minor Op. 36 (1913),train,2011,midi/late_romantic/LRO_058_Sergei_Rachmaninoff_Sonata_No_2_in_B-Flat_Min.midi,audio/late_romantic/LRO_058_Sergei_Rachmaninoff_Sonata_No_2_in_B-Flat_Min.wav,91.68,Late Romantic
Sergei Rachmaninoff,Sonata No. 2 in B-Flat Minor Op. 36 (1913),validation,2011,midi/late_romantic/LRO_059_Sergei_Rachmaninoff_Sonata_No_2_in_B-Flat_Min.midi,audio/late_romantic/LRO_059_Sergei_Rachmaninoff_Sonata_No_2_in_B-Flat_Min.wav,344.88,Late Romantic
Sergei Rachmaninoff,Sonata No. 2 in B-flat Minor,train,2004,midi/late_romantic/LRO_060_Sergei_Rachmaninoff_Sonata_No_2_in_B-flat_Min.midi,audio/late_romantic/LRO_060_Sergei_Rachmaninoff_Sonata_No_2_in_B-flat_Min.wav,1167.5,Late Romantic
Sergei Rachmaninoff,"Sonata No. 2 in B-flat Minor, Op. 36",validation,2004,midi/late_romantic/LRO_061_Sergei_Rachmaninoff_Sonata_No_2_in_B-flat_Min.midi,audio/late_romantic/LRO_061_Sergei_Rachmaninoff_Sonata_No_2_in_B-flat_Min.wav,649.42,Late Romantic
Sergei Rachmaninoff,"Sonata No. 2 in B-flat Minor, Op. 36 (1913)",train,2009,midi/late_romantic/LRO_062_Sergei_Rachmaninoff_Sonata_No_2_in_B-flat_Min.midi,audio/late_romantic/LRO_062_Sergei_Rachmaninoff_Sonata_No_2_in_B-flat_Min.wav,1387.26,Late Romantic
Sergei Rachmaninoff,"Sonata No. 2 in B-flat Minor, Op.36",train,2009,midi/late_romantic/LRO_063_Sergei_Rachmaninoff_Sonata_No_2_in_B-flat_Min.midi,audio/late_romantic/LRO_063_Sergei_Rachmaninoff_Sonata_No_2_in_B-flat_Min.wav,1227.78,Late Romantic
Sergei Rachmaninoff,"Sonata No. 2 in B-flat Minor, Opus 36",train,2004,midi/late_romantic/LRO_064_Sergei_Rachmaninoff_Sonata_No_2_in_B-flat_Min.midi,audio/late_romantic/LRO_064_Sergei_Rachmaninoff_Sonata_No_2_in_B-flat_Min.wav,1195.74,Late Romantic
Sergei Rachmaninoff,Sonata Op. 36,train,2006,midi/late_romantic/LRO_065_Sergei_Rachmaninoff_Sonata_Op_36.midi,audio/late_romantic/LRO_065_Sergei_Rachmaninoff_Sonata_Op_36.wav,1040.69,Late Romantic
Sergei Rachmaninoff,"Sonata in B-flat Minor, Op.36",train,2009,midi/late_romantic/LRO_066_Sergei_Rachmaninoff_Sonata_in_B-flat_Minor_Op.midi,audio/late_romantic/LRO_066_Sergei_Rachmaninoff_Sonata_in_B-flat_Minor_Op.wav,1168.37,Late Romantic
Sergei Rachmaninoff / György Cziffra,Flight of B.B.,train,2006,midi/late_romantic/LRO_067_Sergei_Rachmaninoff_Gy_rg_Flight_of_B_B.midi,audio/late_romantic/LRO_067_Sergei_Rachmaninoff_Gy_rg_Flight_of_B_B.wav,114.58,Late Romantic
Sergei Rachmaninoff / Vyacheslav Gryaznov,Italian Polka,test,2009,midi/late_romantic/LRO_068_Sergei_Rachmaninoff_Vyach_Italian_Polka.midi,audio/late_romantic/LRO_068_Sergei_Rachmaninoff_Vyach_Italian_Polka.wav,182.65,Late Romantic
Pyotr Ilyich Tchaikovsky,"(4209)""Mazurka",train,2026,midi/late_romantic/LRO_069_Pyotr_Ilyich_Tchaikovsky_4209_Mazurka.midi,audio/late_romantic/LRO_069_Pyotr_Ilyich_Tchaikovsky_4209_Mazurka.wav,128.74,Late Romantic
Pyotr Ilyich Tchaikovsky,"Barcarolle, Opus.37",train,2026,midi/late_romantic/LRO_070_Pyotr_Ilyich_Tchaikovsky_Barcarolle_Opus_37.midi,audio/late_romantic/LRO_070_Pyotr_Ilyich_Tchaikovsky_Barcarolle_Opus_37.wav,272.49,Late Romantic
Pyotr Ilyich Tchaikovsky,Chant Sans Paroles Opus.2,train,2026,midi/late_romantic/LRO_071_Pyotr_Ilyich_Tchaikovsky_Chant_Sans_Paroles_Opus_2.midi,audio/late_romantic/LRO_071_Pyotr_Ilyich_Tchaikovsky_Chant_Sans_Paroles_Opus_2.wav,124.05,Late Romantic
Pyotr Ilyich Tchaikovsky,"Chanson Triste, Opus.40, No.2",train,2026,midi/late_romantic/LRO_072_Pyotr_Ilyich_Tchaikovsky_Chanson_Triste_Opus_40_No.midi,audio/late_romantic/LRO_072_Pyotr_Ilyich_Tchaikovsky_Chanson_Triste_Opus_40_No.wav,105.29,Late Romantic
Pyotr Ilyich Tchaikovsky,"(4199)""The Season's, May"". Sequencer Unknown.",validation,2026,midi/late_romantic/LRO_073_Pyotr_Ilyich_Tchaikovsky_4199_The_Season_s_May_Seq.midi,audio/late_romantic/LRO_073_Pyotr_Ilyich_Tchaikovsky_4199_The_Season_s_May_Seq.wav,193.65,Late Romantic
Pyotr Ilyich Tchaikovsky,"(4198)""The Season's, June"". Sequencer Unknown.",train,2026,midi/late_romantic/LRO_074_Pyotr_Ilyich_Tchaikovsky_4198_The_Season_s_June_Se.midi,audio/late_romantic/LRO_074_Pyotr_Ilyich_Tchaikovsky_4198_The_Season_s_June_Se.wav,232.54,Late Romantic
Pyotr Ilyich Tchaikovsky,"(4197)""The Season's, July"". Sequencer Unknown.",train,2026,midi/late_romantic/LRO_075_Pyotr_Ilyich_Tchaikovsky_4197_The_Season_s_July_Se.midi,audio/late_romantic/LRO_075_Pyotr_Ilyich_Tchaikovsky_4197_The_Season_s_July_Se.wav,113.05,Late Romantic
Pyotr Ilyich Tchaikovsky,"(4196)""The Season's, September"". Sequencer Unknown.",train,2026,midi/late_romantic/LRO_076_Pyotr_Ilyich_Tchaikovsky_4196_The_Season_s_Septemb.midi,audio/late_romantic/LRO_076_Pyotr_Ilyich_Tchaikovsky_4196_The_Season_s_Septemb.wav,163.18,Late Romantic
Pyotr Ilyich Tchaikovsky,"(4195)""Short simple piano version of Swan Lake",train,2026,midi/late_romantic/LRO_077_Pyotr_Ilyich_Tchaikovsky_4195_Short_simple_piano_v.midi,audio/late_romantic/LRO_077_Pyotr_Ilyich_Tchaikovsky_4195_Short_simple_piano_v.wav,81.65,Late Romantic
Pyotr Ilyich Tchaikovsky,"Divertissement (Chocolate) Spanish Dance, Piano version Arrang by Sergei Taneyev",train,2026,midi/late_romantic/LRO_078_Pyotr_Ilyich_Tchaikovsky_Divertissement_Chocolate_.midi,audio/late_romantic/LRO_078_Pyotr_Ilyich_Tchaikovsky_Divertissement_Chocolate_.wav,69.44,Late Romantic
Pyotr Ilyich Tchaikovsky,Chantsans Parolesdi,train,2026,midi/late_romantic/LRO_079_Pyotr_Ilyich_Tchaikovsky_Chantsans_Parolesdi.midi,audio/late_romantic/LRO_079_Pyotr_Ilyich_Tchaikovsky_Chantsans_Parolesdi.wav,110.67,Late Romantic
Pyotr Ilyich Tchaikovsky,Arab dance,train,2026,midi/late_romantic/LRO_080_Pyotr_Ilyich_Tchaikovsky_Arab_dance.midi,audio/late_romantic/LRO_080_Pyotr_Ilyich_Tchaikovsky_Arab_dance.wav,202.66,Late Romantic
Pyotr Ilyich Tchaikovsky,"The Season's, January"". Sequencer Unknown.",train,2026,midi/late_romantic/LRO_081_Pyotr_Ilyich_Tchaikovsky_The_Season_s_January_Sequ.midi,audio/late_romantic/LRO_081_Pyotr_Ilyich_Tchaikovsky_The_Season_s_January_Sequ.wav,282.2,Late Romantic
Pyotr Ilyich Tchaikovsky,"The Season's , February. Sequencer Unknown.",train,2026,midi/late_romantic/LRO_082_Pyotr_Ilyich_Tchaikovsky_The_Season_s_February_Seq.midi,audio/late_romantic/LRO_082_Pyotr_Ilyich_Tchaikovsky_The_Season_s_February_Seq.wav,162.66,Late Romantic
Pyotr Ilyich Tchaikovsky,"The Season's, March"". Sequencer Unknown.",train,2026,midi/late_romantic/LRO_083_Pyotr_Ilyich_Tchaikovsky_The_Season_s_March_Sequen.midi,audio/late_romantic/LRO_083_Pyotr_Ilyich_Tchaikovsky_The_Season_s_March_Sequen.wav,135.57,Late Romantic
Sergei Rachmaninoff,"(5030)""Gavotte from 1887",test,2026,midi/late_romantic/LRO_084_Sergei_Rachmaninoff_5030_Gavotte_from_1887.midi,audio/late_romantic/LRO_084_Sergei_Rachmaninoff_5030_Gavotte_from_1887.wav,271.52,Late Romantic
Sergei Rachmaninoff,Elegie Opus.3 No.1,test,2026,midi/late_romantic/LRO_085_Sergei_Rachmaninoff_Elegie_Opus_3_No_1.midi,audio/late_romantic/LRO_085_Sergei_Rachmaninoff_Elegie_Opus_3_No_1.wav,216.68,Late Romantic
Sergei Rachmaninoff,"Melodie Opus3, No3",train,2026,midi/late_romantic/LRO_086_Sergei_Rachmaninoff_Melodie_Opus3_No3.midi,audio/late_romantic/LRO_086_Sergei_Rachmaninoff_Melodie_Opus3_No3.wav,86.39,Late Romantic
Sergei Rachmaninoff,Polichinelle Opus.3 No.4,validation,2026,midi/late_romantic/LRO_087_Sergei_Rachmaninoff_Polichinelle_Opus_3_No_4.midi,audio/late_romantic/LRO_087_Sergei_Rachmaninoff_Polichinelle_Opus_3_No_4.wav,190.31,Late Romantic
Sergei Rachmaninoff,"Serenade Opus.3, No.5",train,2026,midi/late_romantic/LRO_088_Sergei_Rachmaninoff_Serenade_Opus_3_No_5.midi,audio/late_romantic/LRO_088_Sergei_Rachmaninoff_Serenade_Opus_3_No_5.wav,133.11,Late Romantic
Sergei Rachmaninoff,Nocturne Opus.10 No.1,test,2026,midi/late_romantic/LRO_089_Sergei_Rachmaninoff_Nocturne_Opus_10_No_1.midi,audio/late_romantic/LRO_089_Sergei_Rachmaninoff_Nocturne_Opus_10_No_1.wav,174.15,Late Romantic
Sergei Rachmaninoff,"Valse, Opus.10, No.2",train,2026,midi/late_romantic/LRO_090_Sergei_Rachmaninoff_Valse_Opus_10_No_2.midi,audio/late_romantic/LRO_090_Sergei_Rachmaninoff_Valse_Opus_10_No_2.wav,305.76,Late Romantic
Sergei Rachmaninoff,"Barcarolle, Opus.10, No.3",train,2026,midi/late_romantic/LRO_091_Sergei_Rachmaninoff_Barcarolle_Opus_10_No_3.midi,audio/late_romantic/LRO_091_Sergei_Rachmaninoff_Barcarolle_Opus_10_No_3.wav,336.18,Late Romantic
Sergei Rachmaninoff,"Melodie, Opus.10, No.4",train,2026,midi/late_romantic/LRO_092_Sergei_Rachmaninoff_Melodie_Opus_10_No_4.midi,audio/late_romantic/LRO_092_Sergei_Rachmaninoff_Melodie_Opus_10_No_4.wav,154.15,Late Romantic
Sergei Rachmaninoff,"Humoreske, Opus.10, No.5",train,2026,midi/late_romantic/LRO_093_Sergei_Rachmaninoff_Humoreske_Opus_10_No_5.midi,audio/late_romantic/LRO_093_Sergei_Rachmaninoff_Humoreske_Opus_10_No_5.wav,258.23,Late Romantic
Sergei Rachmaninoff,"Romance Opus.10, No.6",train,2026,midi/late_romantic/LRO_094_Sergei_Rachmaninoff_Romance_Opus_10_No_6.midi,audio/late_romantic/LRO_094_Sergei_Rachmaninoff_Romance_Opus_10_No_6.wav,279.0,Late Romantic
Sergei Rachmaninoff,Mazurka Opus.10 No.7,train,2026,midi/late_romantic/LRO_095_Sergei_Rachmaninoff_Mazurka_Opus_10_No_7.midi,audio/late_romantic/LRO_095_Sergei_Rachmaninoff_Mazurka_Opus_10_No_7.wav,346.63,Late Romantic
Sergei Rachmaninoff,Etude Tableau in D Major,test,2026,midi/late_romantic/LRO_096_Sergei_Rachmaninoff_Etude_Tableau_in_D_Major.midi,audio/late_romantic/LRO_096_Sergei_Rachmaninoff_Etude_Tableau_in_D_Major.wav,178.5,Late Romantic
Sergei Rachmaninoff,"Prelude in Eb minor Opus.23, No.9",train,2026,midi/late_romantic/LRO_097_Sergei_Rachmaninoff_Prelude_in_Eb_minor_Opus_.midi,audio/late_romantic/LRO_097_Sergei_Rachmaninoff_Prelude_in_Eb_minor_Opus_.wav,96.66,Late Romantic
Sergei Rachmaninoff,"Prelude Opus.32, No.11 in B",train,2026,midi/late_romantic/LRO_098_Sergei_Rachmaninoff_Prelude_Opus_32_No_11_in_.midi,audio/late_romantic/LRO_098_Sergei_Rachmaninoff_Prelude_Opus_32_No_11_in_.wav,162.51,Late Romantic
Sergei Rachmaninoff,"Prelude in C, Opus.32 ,No.1",train,2026,midi/late_romantic/LRO_099_Sergei_Rachmaninoff_Prelude_in_C_Opus_32_No_1.midi,audio/late_romantic/LRO_099_Sergei_Rachmaninoff_Prelude_in_C_Opus_32_No_1.wav,67.23,Late Romantic
Sergei Rachmaninoff,"Prelude in A minor Opus.32, No.8",train,2026,midi/late_romantic/LRO_100_Sergei_Rachmaninoff_Prelude_in_A_minor_Opus_3.midi,audio/late_romantic/LRO_100_Sergei_Rachmaninoff_Prelude_in_A_minor_Opus_3.wav,105.88,Late Romantic
Alexander Scriabin,"(4403)""Etude in B Major, Opus.8, No.10",train,2026,midi/late_romantic/LRO_101_Alexander_Scriabin_4403_Etude_in_B_Major_Opu.midi,audio/late_romantic/LRO_101_Alexander_Scriabin_4403_Etude_in_B_Major_Opu.wav,102.1,Late Romantic
Alexander Scriabin,"(4402)""Fantasy in B Minor, Opus.28, No.4",train,2026,midi/late_romantic/LRO_102_Alexander_Scriabin_4402_Fantasy_in_B_Minor_O.midi,audio/late_romantic/LRO_102_Alexander_Scriabin_4402_Fantasy_in_B_Minor_O.wav,478.09,Late Romantic
Alexander Scriabin,Etude Opus.2 No.1,train,2026,midi/late_romantic/LRO_103_Alexander_Scriabin_Etude_Opus_2_No_1.midi,audio/late_romantic/LRO_103_Alexander_Scriabin_Etude_Opus_2_No_1.wav,176.54,Late Romantic
Alexander Scriabin,"Etude Opus.8, No.2"". Sequencer unknown.",train,2026,midi/late_romantic/LRO_104_Alexander_Scriabin_Etude_Opus_8_No_2_Sequenc.midi,audio/late_romantic/LRO_104_Alexander_Scriabin_Etude_Opus_8_No_2_Sequenc.wav,111.16,Late Romantic
Alexander Scriabin,"Etude Opus.8, No.5",train,2026,midi/late_romantic/LRO_105_Alexander_Scriabin_Etude_Opus_8_No_5.midi,audio/late_romantic/LRO_105_Alexander_Scriabin_Etude_Opus_8_No_5.wav,138.93,Late Romantic
Alexander Scriabin,"Etude Opus.8, No.12",train,2026,midi/late_romantic/LRO_106_Alexander_Scriabin_Etude_Opus_8_No_12.midi,audio/late_romantic/LRO_106_Alexander_Scriabin_Etude_Opus_8_No_12.wav,132.54,Late Romantic
Alexander Scriabin,"Prelude Opus.11, No.1"". Sequencer unknown.",train,2026,midi/late_romantic/LRO_107_Alexander_Scriabin_Prelude_Opus_11_No_1_Sequ.midi,audio/late_romantic/LRO_107_Alexander_Scriabin_Prelude_Opus_11_No_1_Sequ.wav,55.63,Late Romantic
Alexander Scriabin,"Prelude Opus.11, No.6"". Sequencer unknown.",train,2026,midi/late_romantic/LRO_108_Alexander_Scriabin_Prelude_Opus_11_No_6_Sequ.midi,audio/late_romantic/LRO_108_Alexander_Scriabin_Prelude_Opus_11_No_6_Sequ.wav,47.79,Late Romantic
Alexander Scriabin,"Prelude ,Opus,11, No.11",train,2026,midi/late_romantic/LRO_109_Alexander_Scriabin_Prelude_Opus_11_No_11.midi,audio/late_romantic/LRO_109_Alexander_Scriabin_Prelude_Opus_11_No_11.wav,66.52,Late Romantic
Alexander Scriabin,"Prelude Opus.11, No.14"". Sequencer unknown.",train,2026,midi/late_romantic/LRO_110_Alexander_Scriabin_Prelude_Opus_11_No_14_Seq.midi,audio/late_romantic/LRO_110_Alexander_Scriabin_Prelude_Opus_11_No_14_Seq.wav,64.69,Late Romantic
Alexander Scriabin,"Prelude Opus.11, No.15"". Sequencer unknown.",validation,2026,midi/late_romantic/LRO_111_Alexander_Scriabin_Prelude_Opus_11_No_15_Seq.midi,audio/late_romantic/LRO_111_Alexander_Scriabin_Prelude_Opus_11_No_15_Seq.wav,92.58,Late Romantic
Alexander Scriabin,"Prelude Opus.13, No.2"". Sequencer unknown.",train,2026,midi/late_romantic/LRO_112_Alexander_Scriabin_Prelude_Opus_13_No_2_Sequ.midi,audio/late_romantic/LRO_112_Alexander_Scriabin_Prelude_Opus_13_No_2_Sequ.wav,50.2,Late Romantic
Alexander Scriabin,"Prelude Opus.13, No.3"". Sequencer unknown.",test,2026,midi/late_romantic/LRO_113_Alexander_Scriabin_Prelude_Opus_13_No_3_Sequ.midi,audio/late_romantic/LRO_113_Alexander_Scriabin_Prelude_Opus_13_No_3_Sequ.wav,75.54,Late Romantic
Alexander Scriabin,"Mazurka Opus.24, No.1"". Sequencer unknown.",train,2026,midi/late_romantic/LRO_114_Alexander_Scriabin_Mazurka_Opus_24_No_1_Sequ.midi,audio/late_romantic/LRO_114_Alexander_Scriabin_Mazurka_Opus_24_No_1_Sequ.wav,161.39,Late Romantic
Alexander Scriabin,"Mazurka Opus.24, No.2"". Sequencer unknown.",train,2026,midi/late_romantic/LRO_115_Alexander_Scriabin_Mazurka_Opus_24_No_2_Sequ.midi,audio/late_romantic/LRO_115_Alexander_Scriabin_Mazurka_Opus_24_No_2_Sequ.wav,180.88,Late Romantic
Alexander Scriabin,"Mazurka Opus.24, No.3"". Sequencer unknown.",train,2026,midi/late_romantic/LRO_116_Alexander_Scriabin_Mazurka_Opus_24_No_3_Sequ.midi,audio/late_romantic/LRO_116_Alexander_Scriabin_Mazurka_Opus_24_No_3_Sequ.wav,118.82,Late Romantic
Alexander Scriabin,"Mazurka Opus.24, No.4"". Sequencer unknown.",train,2026,midi/late_romantic/LRO_117_Alexander_Scriabin_Mazurka_Opus_24_No_4_Sequ.midi,audio/late_romantic/LRO_117_Alexander_Scriabin_Mazurka_Opus_24_No_4_Sequ.wav,259.5,Late Romantic
Alexander Scriabin,Mazurka Opus.25,train,2026,midi/late_romantic/LRO_118_Alexander_Scriabin_Mazurka_Opus_25.midi,audio/late_romantic/LRO_118_Alexander_Scriabin_Mazurka_Opus_25.wav,344.0,Late Romantic
Alexander Scriabin,"Mazurka Opus.25, No.3",validation,2026,midi/late_romantic/LRO_119_Alexander_Scriabin_Mazurka_Opus_25_No_3.midi,audio/late_romantic/LRO_119_Alexander_Scriabin_Mazurka_Opus_25_No_3.wav,108.94,Late Romantic
Alexander Scriabin,"Mazurka Opus.25, No.9",train,2026,midi/late_romantic/LRO_120_Alexander_Scriabin_Mazurka_Opus_25_No_9.midi,audio/late_romantic/LRO_120_Alexander_Scriabin_Mazurka_Opus_25_No_9.wav,185.53,Late Romantic
Alexander Scriabin,"Mazurka Opus.30, No.4",train,2026,midi/late_romantic/LRO_121_Alexander_Scriabin_Mazurka_Opus_30_No_4.midi,audio/late_romantic/LRO_121_Alexander_Scriabin_Mazurka_Opus_30_No_4.wav,227.96,Late Romantic
Alexander Scriabin,"Mazurka Opus.33, No.2",train,2026,midi/late_romantic/LRO_122_Alexander_Scriabin_Mazurka_Opus_33_No_2.midi,audio/late_romantic/LRO_122_Alexander_Scriabin_Mazurka_Opus_33_No_2.wav,150.61,Late Romantic
Alexander Scriabin,"Mazurka Opus.33, No4",train,2026,midi/late_romantic/LRO_123_Alexander_Scriabin_Mazurka_Opus_33_No4.midi,audio/late_romantic/LRO_123_Alexander_Scriabin_Mazurka_Opus_33_No4.wav,344.0,Late Romantic
Alexander Scriabin,"(3746)""Prelude Opus.35, No.2"". Sequencer unknown.",train,2026,midi/late_romantic/LRO_124_Alexander_Scriabin_3746_Prelude_Opus_35_No_2.midi,audio/late_romantic/LRO_124_Alexander_Scriabin_3746_Prelude_Opus_35_No_2.wav,187.3,Late Romantic
Alexander Scriabin,Prelude Opus.42 No.5,train,2026,midi/late_romantic/LRO_125_Alexander_Scriabin_Prelude_Opus_42_No_5.midi,audio/late_romantic/LRO_125_Alexander_Scriabin_Prelude_Opus_42_No_5.wav,165.6,Late Romantic
Alexander Scriabin,Prelude Opus.42 No.4,train,2026,midi/late_romantic/LRO_126_Alexander_Scriabin_Prelude_Opus_42_No_4.midi,audio/late_romantic/LRO_126_Alexander_Scriabin_Prelude_Opus_42_No_4.wav,112.12,Late Romantic
Alexander Scriabin,"(3745)""Prelude Opus.48, No.2"". Sequencer unknown.",test,2026,midi/late_romantic/LRO_127_Alexander_Scriabin_3745_Prelude_Opus_48_No_2.midi,audio/late_romantic/LRO_127_Alexander_Scriabin_3745_Prelude_Opus_48_No_2.wav,44.8,Late Romantic
Alexander Scriabin,"(3744)""Prelude Opus.67, No.1"". Sequencer unknown.",train,2026,midi/late_romantic/LRO_128_Alexander_Scriabin_3744_Prelude_Opus_67_No_1.midi,audio/late_romantic/LRO_128_Alexander_Scriabin_3744_Prelude_Opus_67_No_1.wav,70.43,Late Romantic
Alexander Scriabin,"Flammes Sombres Opus.73, No.1,",train,2026,midi/late_romantic/LRO_129_Alexander_Scriabin_Flammes_Sombres_Opus_73_N.midi,audio/late_romantic/LRO_129_Alexander_Scriabin_Flammes_Sombres_Opus_73_N.wav,158.14,Late Romantic
Alexander Scriabin,"Flammes Sombres Opus.73, No.2",train,2026,midi/late_romantic/LRO_130_Alexander_Scriabin_Flammes_Sombres_Opus_73_N.midi,audio/late_romantic/LRO_130_Alexander_Scriabin_Flammes_Sombres_Opus_73_N.wav,176.53,Late Romantic
Alexander Scriabin,"(3743)""Prelude Opus.74, No.3"". Sequencer unknown.",validation,2026,midi/late_romantic/LRO_131_Alexander_Scriabin_3743_Prelude_Opus_74_No_3.midi,audio/late_romantic/LRO_131_Alexander_Scriabin_3743_Prelude_Opus_74_No_3.wav,56.02,Late Romantic
Alexander Scriabin,"Mazurka Opus.1"". Sequencer unknown.",train,2026,midi/late_romantic/LRO_132_Alexander_Scriabin_Mazurka_Opus_1_Sequencer_.midi,audio/late_romantic/LRO_132_Alexander_Scriabin_Mazurka_Opus_1_Sequencer_.wav,122.0,Late Romantic
Alexander Scriabin,"Mazurka Opus.5"". Sequencer unknown.",train,2026,midi/late_romantic/LRO_133_Alexander_Scriabin_Mazurka_Opus_5_Sequencer_.midi,audio/late_romantic/LRO_133_Alexander_Scriabin_Mazurka_Opus_5_Sequencer_.wav,148.0,Late Romantic
Alexander Scriabin,"Mazurka Opus.17"". Sequencer unknown.",train,2026,midi/late_romantic/LRO_134_Alexander_Scriabin_Mazurka_Opus_17_Sequencer.midi,audio/late_romantic/LRO_134_Alexander_Scriabin_Mazurka_Opus_17_Sequencer.wav,290.04,Late Romantic
Alexander Scriabin,"Mazurka Opus.21"". Sequencer unknown.",train,2026,midi/late_romantic/LRO_135_Alexander_Scriabin_Mazurka_Opus_21_Sequencer.midi,audio/late_romantic/LRO_135_Alexander_Scriabin_Mazurka_Opus_21_Sequencer.wav,227.96,Late Romantic
Moritz Moszkowski,Pres Du Berceau (Near the cradle) Opus.58 (1894),train,2026,midi/late_romantic/LRO_136_Moritz_Moszkowski_Pres_Du_Berceau_Near_the_.midi,audio/late_romantic/LRO_136_Moritz_Moszkowski_Pres_Du_Berceau_Near_the_.wav,249.27,Late Romantic
Moritz Moszkowski,"(4645)""Etincelles, Opus.36, No.6"". Sequencer Unknown.",train,2026,midi/late_romantic/LRO_137_Moritz_Moszkowski_4645_Etincelles_Opus_36_N.midi,audio/late_romantic/LRO_137_Moritz_Moszkowski_4645_Etincelles_Opus_36_N.wav,150.18,Late Romantic
Moritz Moszkowski,Etude No.1,train,2026,midi/late_romantic/LRO_138_Moritz_Moszkowski_Etude_No_1.midi,audio/late_romantic/LRO_138_Moritz_Moszkowski_Etude_No_1.wav,318.36,Late Romantic
Moritz Moszkowski,"Etude de virtuosite (Piano) Opus.72, No.13 in A flat minor"". Sequence by David Binford",train,2026,midi/late_romantic/LRO_139_Moritz_Moszkowski_Etude_de_virtuosite_Piano.midi,audio/late_romantic/LRO_139_Moritz_Moszkowski_Etude_de_virtuosite_Piano.wav,206.99,Late Romantic
Moritz Moszkowski,"(3561)""Title Unknown"". Sequencer Unknown",train,2026,midi/late_romantic/LRO_140_Moritz_Moszkowski_3561_Title_Unknown_Sequen.midi,audio/late_romantic/LRO_140_Moritz_Moszkowski_3561_Title_Unknown_Sequen.wav,60.76,Late Romantic
Moritz Moszkowski,"(3562)""Title Unknown"". Sequencer Unknown",test,2026,midi/late_romantic/LRO_141_Moritz_Moszkowski_3562_Title_Unknown_Sequen.midi,audio/late_romantic/LRO_141_Moritz_Moszkowski_3562_Title_Unknown_Sequen.wav,114.66,Late Romantic
Moritz Moszkowski,"(3563)""Title Unknown"". Sequencer Unknown",validation,2026,midi/late_romantic/LRO_142_Moritz_Moszkowski_3563_Title_Unknown_Sequen.midi,audio/late_romantic/LRO_142_Moritz_Moszkowski_3563_Title_Unknown_Sequen.wav,146.67,Late Romantic
Moritz Moszkowski,"(3564)""Title Unknown"". Sequencer Unknown",test,2026,midi/late_romantic/LRO_143_Moritz_Moszkowski_3564_Title_Unknown_Sequen.midi,audio/late_romantic/LRO_143_Moritz_Moszkowski_3564_Title_Unknown_Sequen.wav,62.79,Late Romantic
Anton Arensky,Consolation Opus.36,train,2026,midi/late_romantic/LRO_144_Anton_Arensky_Consolation_Opus_36.midi,audio/late_romantic/LRO_144_Anton_Arensky_Consolation_Opus_36.wav,185.18,Late Romantic
Anton Arensky,"Basso Ostinato Opus.5 No.5"". Sequencer Unknown.",train,2026,midi/late_romantic/LRO_145_Anton_Arensky_Basso_Ostinato_Opus_5_No_.midi,audio/late_romantic/LRO_145_Anton_Arensky_Basso_Ostinato_Opus_5_No_.wav,230.18,Late Romantic
Anton Arensky,"Etude, Opus.5 No.6"". Sequencer Unknown.",train,2026,midi/late_romantic/LRO_146_Anton_Arensky_Etude_Opus_5_No_6_Sequenc.midi,audio/late_romantic/LRO_146_Anton_Arensky_Etude_Opus_5_No_6_Sequenc.wav,233.38,Late Romantic
Anton Arensky,"Melody in logadic metre, Opus2.8, No1"". Sequencer Unknown.",train,2026,midi/late_romantic/LRO_147_Anton_Arensky_Melody_in_logadic_metre_O.midi,audio/late_romantic/LRO_147_Anton_Arensky_Melody_in_logadic_metre_O.wav,87.2,Late Romantic
Anton Arensky,"Elegie, Opus.36"". Sequencer Unknown.",train,2026,midi/late_romantic/LRO_148_Anton_Arensky_Elegie_Opus_36_Sequencer_.midi,audio/late_romantic/LRO_148_Anton_Arensky_Elegie_Opus_36_Sequencer_.wav,178.62,Late Romantic
Anton Arensky,"Prelude, Moll Opus.63 ,No.1"". Sequencer Unknown.",train,2026,midi/late_romantic/LRO_149_Anton_Arensky_Prelude_Moll_Opus_63_No_1.midi,audio/late_romantic/LRO_149_Anton_Arensky_Prelude_Moll_Opus_63_No_1.wav,92.86,Late Romantic
Anton Arensky,"Prelude, Moll in A, Opus.63, No.2"". Sequencer Unknown.",train,2026,midi/late_romantic/LRO_150_Anton_Arensky_Prelude_Moll_in_A_Opus_63.midi,audio/late_romantic/LRO_150_Anton_Arensky_Prelude_Moll_in_A_Opus_63.wav,77.24,Late Romantic
Anton Arensky,"Prelude, Moll, Opus.63, No.3"". Sequencer Unknown.",validation,2026,midi/late_romantic/LRO_151_Anton_Arensky_Prelude_Moll_Opus_63_No_3.midi,audio/late_romantic/LRO_151_Anton_Arensky_Prelude_Moll_Opus_63_No_3.wav,56.77,Late Romantic
Anton Arensky,"Prelude, Opus.63, No.4"". Sequencer Unknown.",test,2026,midi/late_romantic/LRO_152_Anton_Arensky_Prelude_Opus_63_No_4_Sequ.midi,audio/late_romantic/LRO_152_Anton_Arensky_Prelude_Opus_63_No_4_Sequ.wav,58.84,Late Romantic
Anton Arensky,"Prelude,G Moll, Opus.63, No.5"". Sequencer Unknown.",train,2026,midi/late_romantic/LRO_153_Anton_Arensky_Prelude_G_Moll_Opus_63_No.midi,audio/late_romantic/LRO_153_Anton_Arensky_Prelude_G_Moll_Opus_63_No.wav,59.44,Late Romantic
Anton Arensky,"Prelude, Opus.63, No.6 in G"". Sequencer Unknown.",train,2026,midi/late_romantic/LRO_154_Anton_Arensky_Prelude_Opus_63_No_6_in_G.midi,audio/late_romantic/LRO_154_Anton_Arensky_Prelude_Opus_63_No_6_in_G.wav,94.71,Late Romantic
Anton Arensky,"Prelude, Opus.63, No.7"". Sequencer Unknown.",train,2026,midi/late_romantic/LRO_155_Anton_Arensky_Prelude_Opus_63_No_7_Sequ.midi,audio/late_romantic/LRO_155_Anton_Arensky_Prelude_Opus_63_No_7_Sequ.wav,90.98,Late Romantic
Anton Arensky,"Prelude, Opus.63, No.8"". Sequencer Unknown.",train,2026,midi/late_romantic/LRO_156_Anton_Arensky_Prelude_Opus_63_No_8_Sequ.midi,audio/late_romantic/LRO_156_Anton_Arensky_Prelude_Opus_63_No_8_Sequ.wav,54.57,Late Romantic
Anton Arensky,"Prelude, Opus.63, No.9"". Sequencer Unknown.",validation,2026,midi/late_romantic/LRO_157_Anton_Arensky_Prelude_Opus_63_No_9_Sequ.midi,audio/late_romantic/LRO_157_Anton_Arensky_Prelude_Opus_63_No_9_Sequ.wav,58.66,Late Romantic
Anton Arensky,"Prelude, Opus.63, No.10"". Sequencer Unknown.",train,2026,midi/late_romantic/LRO_158_Anton_Arensky_Prelude_Opus_63_No_10_Seq.midi,audio/late_romantic/LRO_158_Anton_Arensky_Prelude_Opus_63_No_10_Seq.wav,102.27,Late Romantic
Anton Arensky,"Prelude, Opus.63, No.11 on D"".Sequencer Unknown.",train,2026,midi/late_romantic/LRO_159_Anton_Arensky_Prelude_Opus_63_No_11_on_.midi,audio/late_romantic/LRO_159_Anton_Arensky_Prelude_Opus_63_No_11_on_.wav,47.44,Late Romantic
Anton Arensky,"(4911)""Prelude, Opus.63, No.12"". Sequencer Unknown.",train,2026,midi/late_romantic/LRO_160_Anton_Arensky_4911_Prelude_Opus_63_No_1.midi,audio/late_romantic/LRO_160_Anton_Arensky_4911_Prelude_Opus_63_No_1.wav,95.55,Late Romantic
Anton Arensky,"(4910)""Arabesque, Opus.67, No.1"". Sequencer Unknown.",validation,2026,midi/late_romantic/LRO_161_Anton_Arensky_4910_Arabesque_Opus_67_No.midi,audio/late_romantic/LRO_161_Anton_Arensky_4910_Arabesque_Opus_67_No.wav,50.72,Late Romantic
Anton Arensky,"(4909)""Arabesque, Opus.67, No.5"". Sequencer Unknown.",train,2026,midi/late_romantic/LRO_162_Anton_Arensky_4909_Arabesque_Opus_67_No.midi,audio/late_romantic/LRO_162_Anton_Arensky_4909_Arabesque_Opus_67_No.wav,76.32,Late Romantic
Anton Arensky,"Etude, Opus.74, No.4"". Sequencer Unknown.",validation,2026,midi/late_romantic/LRO_163_Anton_Arensky_Etude_Opus_74_No_4_Sequen.midi,audio/late_romantic/LRO_163_Anton_Arensky_Etude_Opus_74_No_4_Sequen.wav,180.0,Late Romantic
Anton Arensky,A fairy tale,test,2026,midi/late_romantic/LRO_164_Anton_Arensky_A_fairy_tale.midi,audio/late_romantic/LRO_164_Anton_Arensky_A_fairy_tale.wav,123.15,Late Romantic
Modest Mussorgsky,"(3789)""Une Larme",train,2026,midi/late_romantic/LRO_165_Modest_Mussorgsky_3789_Une_Larme.midi,audio/late_romantic/LRO_165_Modest_Mussorgsky_3789_Une_Larme.wav,192.51,Late Romantic
Modest Mussorgsky,"Tableaux d'une exposition, Promenade,No.7, Limoges Le marche, No.8, Sepulcrum romanum",train,2026,midi/late_romantic/LRO_166_Modest_Mussorgsky_Tableaux_d_une_exposition.midi,audio/late_romantic/LRO_166_Modest_Mussorgsky_Tableaux_d_une_exposition.wav,458.22,Late Romantic
Anton Rubinstein,"(3435)""Romance Opus.44, No.1",train,2026,midi/late_romantic/LRO_167_Anton_Rubinstein_3435_Romance_Opus_44_No_1.midi,audio/late_romantic/LRO_167_Anton_Rubinstein_3435_Romance_Opus_44_No_1.wav,132.0,Late Romantic
Anton Rubinstein,"(3434)""Barcarolle, Opus.30 ,No.1",train,2026,midi/late_romantic/LRO_168_Anton_Rubinstein_3434_Barcarolle_Opus_30_N.midi,audio/late_romantic/LRO_168_Anton_Rubinstein_3434_Barcarolle_Opus_30_N.wav,218.37,Late Romantic
Anton Rubinstein,A Melody,test,2026,midi/late_romantic/LRO_169_Anton_Rubinstein_A_Melody.midi,audio/late_romantic/LRO_169_Anton_Rubinstein_A_Melody.wav,164.55,Late Romantic
Anton Rubinstein,"(3427)""Melody in F",train,2026,midi/late_romantic/LRO_170_Anton_Rubinstein_3427_Melody_in_F.midi,audio/late_romantic/LRO_170_Anton_Rubinstein_3427_Melody_in_F.wav,157.38,Late Romantic
Anton Rubinstein,Romance Opus.44 No.1,train,2026,midi/late_romantic/LRO_171_Anton_Rubinstein_Romance_Opus_44_No_1.midi,audio/late_romantic/LRO_171_Anton_Rubinstein_Romance_Opus_44_No_1.wav,157.38,Late Romantic
Ignacy Jan Paderewski,"Menuet à l'antique, Opus.14, No.1",train,2026,midi/late_romantic/LRO_172_Ignacy_Jan_Paderewski_Menuet_l_antique_Opus_14_.midi,audio/late_romantic/LRO_172_Ignacy_Jan_Paderewski_Menuet_l_antique_Opus_14_.wav,246.19,Late Romantic
Francis Thomé,"(4712)""Chanson Russe, Opus,27",train,2026,midi/late_romantic/LRO_173_Francis_Thom_4712_Chanson_Russe_Opus_2.midi,audio/late_romantic/LRO_173_Francis_Thom_4712_Chanson_Russe_Opus_2.wav,152.81,Late Romantic
Francis Thomé,"Trois Vales, La Sirene, No.2, Opus.36",train,2026,midi/late_romantic/LRO_174_Francis_Thom_Trois_Vales_La_Sirene_No_.midi,audio/late_romantic/LRO_174_Francis_Thom_Trois_Vales_La_Sirene_No_.wav,267.17,Late Romantic
Francis Thomé,"Mandoline, Serenata Espanola, Opus.65",validation,2026,midi/late_romantic/LRO_175_Francis_Thom_Mandoline_Serenata_Espano.midi,audio/late_romantic/LRO_175_Francis_Thom_Mandoline_Serenata_Espano.wav,308.05,Late Romantic
Francis Thomé,"Agagonaise, Opus.72, No.6",test,2026,midi/late_romantic/LRO_176_Francis_Thom_Agagonaise_Opus_72_No_6.midi,audio/late_romantic/LRO_176_Francis_Thom_Agagonaise_Opus_72_No_6.wav,283.31,Late Romantic
Francis Thomé,"Clair De Lune, Opus.112",train,2026,midi/late_romantic/LRO_177_Francis_Thom_Clair_De_Lune_Opus_112.midi,audio/late_romantic/LRO_177_Francis_Thom_Clair_De_Lune_Opus_112.wav,201.33,Late Romantic
Samuel Coleridge-Taylor,"African Suite, Introduction, Opus.59",train,2026,midi/late_romantic/LRO_178_Samuel_Coleridge-Taylor_African_Suite_Introductio.midi,audio/late_romantic/LRO_178_Samuel_Coleridge-Taylor_African_Suite_Introductio.wav,242.23,Late Romantic
Samuel Coleridge-Taylor,"At the Dawn of Day, No.1, Opus.59",train,2026,midi/late_romantic/LRO_179_Samuel_Coleridge-Taylor_At_the_Dawn_of_Day_No_1_O.midi,audio/late_romantic/LRO_179_Samuel_Coleridge-Taylor_At_the_Dawn_of_Day_No_1_O.wav,214.58,Late Romantic
Samuel Coleridge-Taylor,"The Stones are very Hard, No.2, Opus.59,",test,2026,midi/late_romantic/LRO_180_Samuel_Coleridge-Taylor_The_Stones_are_very_Hard_.midi,audio/late_romantic/LRO_180_Samuel_Coleridge-Taylor_The_Stones_are_very_Hard_.wav,107.91,Late Romantic
Samuel Coleridge-Taylor,"Take Nabandji, No.3, Opus.59",train,2026,midi/late_romantic/LRO_181_Samuel_Coleridge-Taylor_Take_Nabandji_No_3_Opus_5.midi,audio/late_romantic/LRO_181_Samuel_Coleridge-Taylor_Take_Nabandji_No_3_Opus_5.wav,181.29,Late Romantic
Samuel Coleridge-Taylor,"They will not lend me a Child, No.4, Op.59",train,2026,midi/late_romantic/LRO_182_Samuel_Coleridge-Taylor_They_will_not_lend_me_a_C.midi,audio/late_romantic/LRO_182_Samuel_Coleridge-Taylor_They_will_not_lend_me_a_C.wav,175.86,Late Romantic
Samuel Coleridge-Taylor,"Oloba, No.7, Opus.59",train,2026,midi/late_romantic/LRO_183_Samuel_Coleridge-Taylor_Oloba_No_7_Opus_59.midi,audio/late_romantic/LRO_183_Samuel_Coleridge-Taylor_Oloba_No_7_Opus_59.wav,227.72,Late Romantic
Samuel Coleridge-Taylor,"The Bamboula No.8, Opus.59",train,2026,midi/late_romantic/LRO_184_Samuel_Coleridge-Taylor_The_Bamboula_No_8_Opus_59.midi,audio/late_romantic/LRO_184_Samuel_Coleridge-Taylor_The_Bamboula_No_8_Opus_59.wav,234.54,Late Romantic
Samuel Coleridge-Taylor,"The Angels Changed My Name, No.9, Opus.59",train,2026,midi/late_romantic/LRO_185_Samuel_Coleridge-Taylor_The_Angels_Changed_My_Nam.midi,audio/late_romantic/LRO_185_Samuel_Coleridge-Taylor_The_Angels_Changed_My_Nam.wav,157.83,Late Romantic
Samuel Coleridge-Taylor,"Deep River, No.10, Opus.59",train,2026,midi/late_romantic/LRO_186_Samuel_Coleridge-Taylor_Deep_River_No_10_Opus_59.midi,audio/late_romantic/LRO_186_Samuel_Coleridge-Taylor_Deep_River_No_10_Opus_59.wav,304.04,Late Romantic
Samuel Coleridge-Taylor,"Didn't My Lord Deliver Daniel, No.11, Opus.59",train,2026,midi/late_romantic/LRO_187_Samuel_Coleridge-Taylor_Didn_t_My_Lord_Deliver_Da.midi,audio/late_romantic/LRO_187_Samuel_Coleridge-Taylor_Didn_t_My_Lord_Deliver_Da.wav,234.95,Late Romantic
Samuel Coleridge-Taylor,"Don't be wary Traveler, No.12, Opus.59",train,2026,midi/late_romantic/LRO_188_Samuel_Coleridge-Taylor_Don_t_be_wary_Traveler_No.midi,audio/late_romantic/LRO_188_Samuel_Coleridge-Taylor_Don_t_be_wary_Traveler_No.wav,184.8,Late Romantic
Samuel Coleridge-Taylor,"Going Up, No.13, Opus.59",train,2026,midi/late_romantic/LRO_189_Samuel_Coleridge-Taylor_Going_Up_No_13_Opus_59.midi,audio/late_romantic/LRO_189_Samuel_Coleridge-Taylor_Going_Up_No_13_Opus_59.wav,206.33,Late Romantic
Samuel Coleridge-Taylor,"Im Troubled in Mind, No.14, Opus.59",train,2026,midi/late_romantic/LRO_190_Samuel_Coleridge-Taylor_Im_Troubled_in_Mind_No_14.midi,audio/late_romantic/LRO_190_Samuel_Coleridge-Taylor_Im_Troubled_in_Mind_No_14.wav,227.61,Late Romantic
Samuel Coleridge-Taylor,"I was way down Yonder No.15, Opus.59",train,2026,midi/late_romantic/LRO_191_Samuel_Coleridge-Taylor_I_was_way_down_Yonder_No_.midi,audio/late_romantic/LRO_191_Samuel_Coleridge-Taylor_I_was_way_down_Yonder_No_.wav,216.35,Late Romantic
Samuel Coleridge-Taylor,"Let us cheer  the weary Traveler, No.16, Opus.59",test,2026,midi/late_romantic/LRO_192_Samuel_Coleridge-Taylor_Let_us_cheer_the_weary_Tr.midi,audio/late_romantic/LRO_192_Samuel_Coleridge-Taylor_Let_us_cheer_the_weary_Tr.wav,203.58,Late Romantic
Samuel Coleridge-Taylor,"Many Thousand Gone, No.17, Opus.59",train,2026,midi/late_romantic/LRO_193_Samuel_Coleridge-Taylor_Many_Thousand_Gone_No_17_.midi,audio/late_romantic/LRO_193_Samuel_Coleridge-Taylor_Many_Thousand_Gone_No_17_.wav,223.38,Late Romantic
Samuel Coleridge-Taylor,"My Lord Delivered Daniel, No.18, Opus.59",test,2026,midi/late_romantic/LRO_194_Samuel_Coleridge-Taylor_My_Lord_Delivered_Daniel_.midi,audio/late_romantic/LRO_194_Samuel_Coleridge-Taylor_My_Lord_Delivered_Daniel_.wav,210.0,Late Romantic
Samuel Coleridge-Taylor,"Oh, He Raise A poor Lazarus, No.19, Opus.59",train,2026,midi/late_romantic/LRO_195_Samuel_Coleridge-Taylor_Oh_He_Raise_A_poor_Lazaru.midi,audio/late_romantic/LRO_195_Samuel_Coleridge-Taylor_Oh_He_Raise_A_poor_Lazaru.wav,349.2,Late Romantic
Samuel Coleridge-Taylor,"Run, Mary Run, No.21, Opus.59",train,2026,midi/late_romantic/LRO_196_Samuel_Coleridge-Taylor_Run_Mary_Run_No_21_Opus_5.midi,audio/late_romantic/LRO_196_Samuel_Coleridge-Taylor_Run_Mary_Run_No_21_Opus_5.wav,126.0,Late Romantic
Samuel Coleridge-Taylor,"Sometimes I feel like a motherless child, No.22, Opus.59",train,2026,midi/late_romantic/LRO_197_Samuel_Coleridge-Taylor_Sometimes_I_feel_like_a_m.midi,audio/late_romantic/LRO_197_Samuel_Coleridge-Taylor_Sometimes_I_feel_like_a_m.wav,166.5,Late Romantic
Samuel Coleridge-Taylor,"(4770)""Steal Away, No.23, Opus.59",train,2026,midi/late_romantic/LRO_198_Samuel_Coleridge-Taylor_4770_Steal_Away_No_23_Opu.midi,audio/late_romantic/LRO_198_Samuel_Coleridge-Taylor_4770_Steal_Away_No_23_Opu.wav,210.67,Late Romantic
Samuel Coleridge-Taylor,"(4769)""Wade in the Water, No.24, Opus.59",validation,2026,midi/late_romantic/LRO_199_Samuel_Coleridge-Taylor_4769_Wade_in_the_Water_No.midi,audio/late_romantic/LRO_199_Samuel_Coleridge-Taylor_4769_Wade_in_the_Water_No.wav,160.15,Late Romantic
Samuel Coleridge-Taylor,"Valse Bohemienne, No.1, Opus.22",train,2026,midi/late_romantic/LRO_200_Samuel_Coleridge-Taylor_Valse_Bohemienne_No_1_Opu.midi,audio/late_romantic/LRO_200_Samuel_Coleridge-Taylor_Valse_Bohemienne_No_1_Opu.wav,146.61,Late Romantic
Claude Debussy,"""Feux d'artifice"" from Book II",train,2008,midi/impressionist/IMP_001_Claude_Debussy_Feux_d_artifice_from_Book.midi,audio/impressionist/IMP_001_Claude_Debussy_Feux_d_artifice_from_Book.wav,242.75,Impressionist
Claude Debussy,"""Images"", Series I",train,2013,midi/impressionist/IMP_002_Claude_Debussy_Images_Series_I.midi,audio/impressionist/IMP_002_Claude_Debussy_Images_Series_I.wav,918.02,Impressionist
Claude Debussy,"""Les collines d'Anacapri"" from Preludes, Book I",train,2008,midi/impressionist/IMP_003_Claude_Debussy_Les_collines_d_Anacapri_f.midi,audio/impressionist/IMP_003_Claude_Debussy_Les_collines_d_Anacapri_f.wav,166.5,Impressionist
Claude Debussy,"""Ondine"" from Book II",train,2008,midi/impressionist/IMP_004_Claude_Debussy_Ondine_from_Book_II.midi,audio/impressionist/IMP_004_Claude_Debussy_Ondine_from_Book_II.wav,193.3,Impressionist
Claude Debussy,"""Voiles"" from Preludes, Book I",train,2008,midi/impressionist/IMP_005_Claude_Debussy_Voiles_from_Preludes_Book.midi,audio/impressionist/IMP_005_Claude_Debussy_Voiles_from_Preludes_Book.wav,212.3,Impressionist
Claude Debussy,"Barcarolle, Op. 60",train,2015,midi/impressionist/IMP_006_Claude_Debussy_Barcarolle_Op_60.midi,audio/impressionist/IMP_006_Claude_Debussy_Barcarolle_Op_60.wav,482.76,Impressionist
Claude Debussy,Bruyeres,train,2006,midi/impressionist/IMP_007_Claude_Debussy_Bruyeres.midi,audio/impressionist/IMP_007_Claude_Debussy_Bruyeres.wav,984.53,Impressionist
Claude Debussy,Estampes (Complete),validation,2014,midi/impressionist/IMP_008_Claude_Debussy_Estampes_Complete.midi,audio/impressionist/IMP_008_Claude_Debussy_Estampes_Complete.wav,849.03,Impressionist
Claude Debussy,"Etude ""Pour le arpeges composes""",validation,2009,midi/impressionist/IMP_009_Claude_Debussy_Etude_Pour_le_arpeges_com.midi,audio/impressionist/IMP_009_Claude_Debussy_Etude_Pour_le_arpeges_com.wav,274.67,Impressionist
Claude Debussy,"Etude ""Pour les accords""",train,2009,midi/impressionist/IMP_010_Claude_Debussy_Etude_Pour_les_accords.midi,audio/impressionist/IMP_010_Claude_Debussy_Etude_Pour_les_accords.wav,270.7,Impressionist
Claude Debussy,"Etude ""Pour les huit doigts""",train,2009,midi/impressionist/IMP_011_Claude_Debussy_Etude_Pour_les_huit_doigt.midi,audio/impressionist/IMP_011_Claude_Debussy_Etude_Pour_les_huit_doigt.wav,91.0,Impressionist
Claude Debussy,"Etude No. 6, Book I, ""Pour les huits doigts""",test,2008,midi/impressionist/IMP_012_Claude_Debussy_Etude_No_6_Book_I_Pour_le.midi,audio/impressionist/IMP_012_Claude_Debussy_Etude_No_6_Book_I_Pour_le.wav,79.33,Impressionist
Claude Debussy,"Etude No. 7 ""Study in Chromatic Steps""",validation,2004,midi/impressionist/IMP_013_Claude_Debussy_Etude_No_7_Study_in_Chrom.midi,audio/impressionist/IMP_013_Claude_Debussy_Etude_No_7_Study_in_Chrom.wav,134.38,Impressionist
Claude Debussy,Feux d'artifice,train,2006,midi/impressionist/IMP_014_Claude_Debussy_Feux_d_artifice.midi,audio/impressionist/IMP_014_Claude_Debussy_Feux_d_artifice.wav,242.58,Impressionist
Claude Debussy,Four Preludes,test,2006,midi/impressionist/IMP_015_Claude_Debussy_Four_Preludes.midi,audio/impressionist/IMP_015_Claude_Debussy_Four_Preludes.wav,672.9,Impressionist
Claude Debussy,Image (Book II),validation,2004,midi/impressionist/IMP_016_Claude_Debussy_Image_Book_II.midi,audio/impressionist/IMP_016_Claude_Debussy_Image_Book_II.wav,701.1,Impressionist
Claude Debussy,"Images Book 1 (Complete), L 110",train,2014,midi/impressionist/IMP_017_Claude_Debussy_Images_Book_1_Complete_L_.midi,audio/impressionist/IMP_017_Claude_Debussy_Images_Book_1_Complete_L_.wav,903.26,Impressionist
Claude Debussy,Images Book II,train,2006,midi/impressionist/IMP_018_Claude_Debussy_Images_Book_II.midi,audio/impressionist/IMP_018_Claude_Debussy_Images_Book_II.wav,679.7,Impressionist
Claude Debussy,"Images, Book I",train,2009,midi/impressionist/IMP_019_Claude_Debussy_Images_Book_I.midi,audio/impressionist/IMP_019_Claude_Debussy_Images_Book_I.wav,924.17,Impressionist
Claude Debussy,"Images, Book I, ""Reflets dans l'eau""",train,2008,midi/impressionist/IMP_020_Claude_Debussy_Images_Book_I_Reflets_dan.midi,audio/impressionist/IMP_020_Claude_Debussy_Images_Book_I_Reflets_dan.wav,281.58,Impressionist
Claude Debussy,"Images, Book II",train,2018,midi/impressionist/IMP_021_Claude_Debussy_Images_Book_II.midi,audio/impressionist/IMP_021_Claude_Debussy_Images_Book_II.wav,845.71,Impressionist
Claude Debussy,"Images, Book II, ""Poissons d'or""",train,2008,midi/impressionist/IMP_022_Claude_Debussy_Images_Book_II_Poissons_d.midi,audio/impressionist/IMP_022_Claude_Debussy_Images_Book_II_Poissons_d.wav,219.98,Impressionist
Claude Debussy,Jardins sous la pluie from Estampes,train,2011,midi/impressionist/IMP_023_Claude_Debussy_Jardins_sous_la_pluie_fro.midi,audio/impressionist/IMP_023_Claude_Debussy_Jardins_sous_la_pluie_fro.wav,207.26,Impressionist
Claude Debussy,L'Isle Joyeuse,train,2011,midi/impressionist/IMP_024_Claude_Debussy_L_Isle_Joyeuse.midi,audio/impressionist/IMP_024_Claude_Debussy_L_Isle_Joyeuse.wav,329.56,Impressionist
Claude Debussy,L'isle joyeuse,train,2014,midi/impressionist/IMP_025_Claude_Debussy_L_isle_joyeuse.midi,audio/impressionist/IMP_025_Claude_Debussy_L_isle_joyeuse.wav,363.92,Impressionist
Claude Debussy,L'isle joyeuse,train,2013,midi/impressionist/IMP_026_Claude_Debussy_L_isle_joyeuse.midi,audio/impressionist/IMP_026_Claude_Debussy_L_isle_joyeuse.wav,298.99,Impressionist
Claude Debussy,L'isle joyeuse,train,2013,midi/impressionist/IMP_027_Claude_Debussy_L_isle_joyeuse.midi,audio/impressionist/IMP_027_Claude_Debussy_L_isle_joyeuse.wav,350.08,Impressionist
Claude Debussy,L'isle joyeuse,train,2017,midi/impressionist/IMP_028_Claude_Debussy_L_isle_joyeuse.midi,audio/impressionist/IMP_028_Claude_Debussy_L_isle_joyeuse.wav,346.03,Impressionist
Claude Debussy,"L'isle joyeuse, L. 106",train,2018,midi/impressionist/IMP_029_Claude_Debussy_L_isle_joyeuse_L_106.midi,audio/impressionist/IMP_029_Claude_Debussy_L_isle_joyeuse_L_106.wav,349.69,Impressionist
Claude Debussy,Les Collines d'Anacapri from Book I,train,2008,midi/impressionist/IMP_030_Claude_Debussy_Les_Collines_d_Anacapri_f.midi,audio/impressionist/IMP_030_Claude_Debussy_Les_Collines_d_Anacapri_f.wav,176.46,Impressionist
Claude Debussy,Pagodas from Estampes No. 1,train,2008,midi/impressionist/IMP_031_Claude_Debussy_Pagodas_from_Estampes_No_.midi,audio/impressionist/IMP_031_Claude_Debussy_Pagodas_from_Estampes_No_.wav,345.82,Impressionist
Claude Debussy,Pour le piano (Complete),train,2015,midi/impressionist/IMP_032_Claude_Debussy_Pour_le_piano_Complete.midi,audio/impressionist/IMP_032_Claude_Debussy_Pour_le_piano_Complete.wav,738.96,Impressionist
Claude Debussy,"Prelude No. 24 ""Fireworks""",train,2008,midi/impressionist/IMP_033_Claude_Debussy_Prelude_No_24_Fireworks.midi,audio/impressionist/IMP_033_Claude_Debussy_Prelude_No_24_Fireworks.wav,318.51,Impressionist
Claude Debussy,"Prelude No. 6, Book I, ""Des pas sur la neige""",train,2018,midi/impressionist/IMP_034_Claude_Debussy_Prelude_No_6_Book_I_Des_p.midi,audio/impressionist/IMP_034_Claude_Debussy_Prelude_No_6_Book_I_Des_p.wav,247.76,Impressionist
Claude Debussy,"Prelude No. 7, Book II, La terrasse des audiences du clair de lune",train,2018,midi/impressionist/IMP_035_Claude_Debussy_Prelude_No_7_Book_II_La_t.midi,audio/impressionist/IMP_035_Claude_Debussy_Prelude_No_7_Book_II_La_t.wav,297.19,Impressionist
Claude Debussy,"Preludes Book II: “Feux d'artifice,” L 123, No. 12",train,2014,midi/impressionist/IMP_036_Claude_Debussy_Preludes_Book_II_Feux_d_a.midi,audio/impressionist/IMP_036_Claude_Debussy_Preludes_Book_II_Feux_d_a.wav,257.92,Impressionist
Claude Debussy,"Preludes No. 2, 6, 12",train,2004,midi/impressionist/IMP_037_Claude_Debussy_Preludes_No_2_6_12.midi,audio/impressionist/IMP_037_Claude_Debussy_Preludes_No_2_6_12.wav,338.26,Impressionist
Claude Debussy,"Preludes No. 2, 6, 12",train,2004,midi/impressionist/IMP_038_Claude_Debussy_Preludes_No_2_6_12.midi,audio/impressionist/IMP_038_Claude_Debussy_Preludes_No_2_6_12.wav,260.04,Impressionist
Claude Debussy,"Preludes, Book II, III - La puerta del vino",validation,2013,midi/impressionist/IMP_039_Claude_Debussy_Preludes_Book_II_III_-_La.midi,audio/impressionist/IMP_039_Claude_Debussy_Preludes_Book_II_III_-_La.wav,179.32,Impressionist
Claude Debussy,"Preludes, Book II, L 123 (Complete)",train,2014,midi/impressionist/IMP_040_Claude_Debussy_Preludes_Book_II_L_123_Co.midi,audio/impressionist/IMP_040_Claude_Debussy_Preludes_Book_II_L_123_Co.wav,2463.48,Impressionist
Claude Debussy,"Preludes, Book II, L 123, IV. «Les fées sont d'exquises danseuses»",train,2015,midi/impressionist/IMP_041_Claude_Debussy_Preludes_Book_II_L_123_IV.midi,audio/impressionist/IMP_041_Claude_Debussy_Preludes_Book_II_L_123_IV.wav,173.3,Impressionist
Claude Debussy,"Preludes, Book II, VII - La terasse des audiences du clair de lune",test,2013,midi/impressionist/IMP_042_Claude_Debussy_Preludes_Book_II_VII_-_La.midi,audio/impressionist/IMP_042_Claude_Debussy_Preludes_Book_II_VII_-_La.wav,240.32,Impressionist
Claude Debussy,PreludesBII/7-12,train,2006,midi/impressionist/IMP_043_Claude_Debussy_PreludesBII_7-12.midi,audio/impressionist/IMP_043_Claude_Debussy_PreludesBII_7-12.wav,1184.04,Impressionist
Claude Debussy,SuiteBergamasque,train,2006,midi/impressionist/IMP_044_Claude_Debussy_SuiteBergamasque.midi,audio/impressionist/IMP_044_Claude_Debussy_SuiteBergamasque.wav,942.9,Impressionist
Claude Debussy,Three Etudes,train,2006,midi/impressionist/IMP_045_Claude_Debussy_Three_Etudes.midi,audio/impressionist/IMP_045_Claude_Debussy_Three_Etudes.wav,727.23,Impressionist
Claude Debussy,"(5029)""The Hills of Anacapri, 5th Prelude, Book 1",test,2026,midi/impressionist/IMP_046_Claude_Debussy_5029_The_Hills_of_Anacapr.midi,audio/impressionist/IMP_046_Claude_Debussy_5029_The_Hills_of_Anacapr.wav,151.56,Impressionist
Claude Debussy,"Douze Etudes, Etude, No.1",train,2026,midi/impressionist/IMP_047_Claude_Debussy_Douze_Etudes_Etude_No_1.midi,audio/impressionist/IMP_047_Claude_Debussy_Douze_Etudes_Etude_No_1.wav,165.88,Impressionist
Claude Debussy,"Douze Etudes, Etude No.2",train,2026,midi/impressionist/IMP_048_Claude_Debussy_Douze_Etudes_Etude_No_2.midi,audio/impressionist/IMP_048_Claude_Debussy_Douze_Etudes_Etude_No_2.wav,200.0,Impressionist
Claude Debussy,"Srrenade for the Doll from Children's Corner"". Sequencer by Unknown.",train,2026,midi/impressionist/IMP_049_Claude_Debussy_Srrenade_for_the_Doll_fro.midi,audio/impressionist/IMP_049_Claude_Debussy_Srrenade_for_the_Doll_fro.wav,143.0,Impressionist
Claude Debussy,"The Little Shepard"". Sequencer by Unknown.",train,2026,midi/impressionist/IMP_050_Claude_Debussy_The_Little_Shepard_Sequen.midi,audio/impressionist/IMP_050_Claude_Debussy_The_Little_Shepard_Sequen.wav,124.0,Impressionist
Claude Debussy,"The Snow is Dancing"". Sequencer by Unknown.",train,2026,midi/impressionist/IMP_051_Claude_Debussy_The_Snow_is_Dancing_Seque.midi,audio/impressionist/IMP_051_Claude_Debussy_The_Snow_is_Dancing_Seque.wav,146.0,Impressionist
Claude Debussy,"Suite Bergamasqu Passe Pied"". Sequencer by Unknown.",validation,2026,midi/impressionist/IMP_052_Claude_Debussy_Suite_Bergamasqu_Passe_Pi.midi,audio/impressionist/IMP_052_Claude_Debussy_Suite_Bergamasqu_Passe_Pi.wav,217.48,Impressionist
Claude Debussy,"Preludes, No.10, La Cathedrale Engloutie",train,2026,midi/impressionist/IMP_053_Claude_Debussy_Preludes_No_10_La_Cathedr.midi,audio/impressionist/IMP_053_Claude_Debussy_Preludes_No_10_La_Cathedr.wav,299.57,Impressionist
Claude Debussy,"(3920)""Ballad",train,2026,midi/impressionist/IMP_054_Claude_Debussy_3920_Ballad.midi,audio/impressionist/IMP_054_Claude_Debussy_3920_Ballad.wav,395.85,Impressionist
Claude Debussy,Six Pigaphes Antquies,train,2026,midi/impressionist/IMP_055_Claude_Debussy_Six_Pigaphes_Antquies.midi,audio/impressionist/IMP_055_Claude_Debussy_Six_Pigaphes_Antquies.wav,151.41,Impressionist
Claude Debussy,Mouvement from Imafesl,train,2026,midi/impressionist/IMP_056_Claude_Debussy_Mouvement_from_Imafesl.midi,audio/impressionist/IMP_056_Claude_Debussy_Mouvement_from_Imafesl.wav,194.92,Impressionist
Claude Debussy,"Reverie"". Sequencer unknown.",train,2026,midi/impressionist/IMP_057_Claude_Debussy_Reverie_Sequencer_unknown.midi,audio/impressionist/IMP_057_Claude_Debussy_Reverie_Sequencer_unknown.wav,248.0,Impressionist
Claude Debussy,"Children Corner, Dr Gradus ad Parnassum"". Sequencer unknown.",train,2026,midi/impressionist/IMP_058_Claude_Debussy_Children_Corner_Dr_Gradus.midi,audio/impressionist/IMP_058_Claude_Debussy_Children_Corner_Dr_Gradus.wav,136.81,Impressionist
Claude Debussy,"Deux Arabesques, No.1"". Sequencer unknown.",validation,2026,midi/impressionist/IMP_059_Claude_Debussy_Deux_Arabesques_No_1_Sequ.midi,audio/impressionist/IMP_059_Claude_Debussy_Deux_Arabesques_No_1_Sequ.wav,203.83,Impressionist
Claude Debussy,"Deux Arabesques, No.2"". Sequencer unknown.",train,2026,midi/impressionist/IMP_060_Claude_Debussy_Deux_Arabesques_No_2_Sequ.midi,audio/impressionist/IMP_060_Claude_Debussy_Deux_Arabesques_No_2_Sequ.wav,219.63,Impressionist
Claude Debussy,"Sarabande No.2 from Pour la Piano"". Sequencer unknown.",validation,2026,midi/impressionist/IMP_061_Claude_Debussy_Sarabande_No_2_from_Pour_.midi,audio/impressionist/IMP_061_Claude_Debussy_Sarabande_No_2_from_Pour_.wav,243.61,Impressionist
Claude Debussy,"Children's Corner"". Sequencer unknown.",train,2026,midi/impressionist/IMP_062_Claude_Debussy_Children_s_Corner_Sequenc.midi,audio/impressionist/IMP_062_Claude_Debussy_Children_s_Corner_Sequenc.wav,136.81,Impressionist
Maurice Ravel,Ondine from Gaspard of the Night,train,2026,midi/impressionist/IMP_063_Maurice_Ravel_Ondine_from_Gaspard_of_th.midi,audio/impressionist/IMP_063_Maurice_Ravel_Ondine_from_Gaspard_of_th.wav,343.49,Impressionist
Maurice Ravel,"Ravel's Histoires Naturelles, No.1, Le Paon",train,2026,midi/impressionist/IMP_064_Maurice_Ravel_Ravel_s_Histoires_Naturel.midi,audio/impressionist/IMP_064_Maurice_Ravel_Ravel_s_Histoires_Naturel.wav,268.58,Impressionist
Maurice Ravel,Alborada del Gracioso,train,2026,midi/impressionist/IMP_065_Maurice_Ravel_Alborada_del_Gracioso.midi,audio/impressionist/IMP_065_Maurice_Ravel_Alborada_del_Gracioso.wav,379.19,Impressionist
Maurice Ravel,Toccato for piano (1916),train,2026,midi/impressionist/IMP_066_Maurice_Ravel_Toccato_for_piano_1916.midi,audio/impressionist/IMP_066_Maurice_Ravel_Toccato_for_piano_1916.wav,224.88,Impressionist
Maurice Ravel,"Menuet on the Name of Haydn (Sonatina)"". Sequencer Unknown.",train,2026,midi/impressionist/IMP_067_Maurice_Ravel_Menuet_on_the_Name_of_Hay.midi,audio/impressionist/IMP_067_Maurice_Ravel_Menuet_on_the_Name_of_Hay.wav,182.0,Impressionist
Maurice Ravel,"Jeuxdeau suite"". Sequencer Unknown.",test,2026,midi/impressionist/IMP_068_Maurice_Ravel_Jeuxdeau_suite_Sequencer_.midi,audio/impressionist/IMP_068_Maurice_Ravel_Jeuxdeau_suite_Sequencer_.wav,308.0,Impressionist
Isaac Albéniz,"(3884)""Granada Serenade",train,2026,midi/impressionist/IMP_069_Isaac_Alb_niz_3884_Granada_Serenade.midi,audio/impressionist/IMP_069_Isaac_Alb_niz_3884_Granada_Serenade.wav,208.44,Impressionist
Isaac Albéniz,"(3645)""Suite Espanola, Granada, No.1, Opus.47",train,2026,midi/impressionist/IMP_070_Isaac_Alb_niz_3645_Suite_Espanola_Grana.midi,audio/impressionist/IMP_070_Isaac_Alb_niz_3645_Suite_Espanola_Grana.wav,238.14,Impressionist
Isaac Albéniz,"(3644)""Suite Espanola, No.2, Opus.47",train,2026,midi/impressionist/IMP_071_Isaac_Alb_niz_3644_Suite_Espanola_No_2_.midi,audio/impressionist/IMP_071_Isaac_Alb_niz_3644_Suite_Espanola_No_2_.wav,236.48,Impressionist
Isaac Albéniz,"(3643)""Suite Espanola, Cataluna, No.3, Opus.47",train,2026,midi/impressionist/IMP_072_Isaac_Alb_niz_3643_Suite_Espanola_Catal.midi,audio/impressionist/IMP_072_Isaac_Alb_niz_3643_Suite_Espanola_Catal.wav,247.63,Impressionist
Isaac Albéniz,"(3642)""Suite Espanola, Cadiz, No.4, Opus.47",validation,2026,midi/impressionist/IMP_073_Isaac_Alb_niz_3642_Suite_Espanola_Cadiz.midi,audio/impressionist/IMP_073_Isaac_Alb_niz_3642_Suite_Espanola_Cadiz.wav,216.59,Impressionist
Isaac Albéniz,"Espana Opus.165, No.1",train,2026,midi/impressionist/IMP_074_Isaac_Alb_niz_Espana_Opus_165_No_1.midi,audio/impressionist/IMP_074_Isaac_Alb_niz_Espana_Opus_165_No_1.wav,95.19,Impressionist
Isaac Albéniz,"Espana Opus.165, No.2",train,2026,midi/impressionist/IMP_075_Isaac_Alb_niz_Espana_Opus_165_No_2.midi,audio/impressionist/IMP_075_Isaac_Alb_niz_Espana_Opus_165_No_2.wav,127.38,Impressionist
Isaac Albéniz,"Espana Opus.165, No.3",train,2026,midi/impressionist/IMP_076_Isaac_Alb_niz_Espana_Opus_165_No_3.midi,audio/impressionist/IMP_076_Isaac_Alb_niz_Espana_Opus_165_No_3.wav,172.76,Impressionist
Isaac Albéniz,"Espana Opus.165, No.4",train,2026,midi/impressionist/IMP_077_Isaac_Alb_niz_Espana_Opus_165_No_4.midi,audio/impressionist/IMP_077_Isaac_Alb_niz_Espana_Opus_165_No_4.wav,190.86,Impressionist
Isaac Albéniz,"Espana Opus.165, No.5",train,2026,midi/impressionist/IMP_078_Isaac_Alb_niz_Espana_Opus_165_No_5.midi,audio/impressionist/IMP_078_Isaac_Alb_niz_Espana_Opus_165_No_5.wav,120.67,Impressionist
Isaac Albéniz,"Espana Opus.165, No.6",train,2026,midi/impressionist/IMP_079_Isaac_Alb_niz_Espana_Opus_165_No_6.midi,audio/impressionist/IMP_079_Isaac_Alb_niz_Espana_Opus_165_No_6.wav,152.44,Impressionist
Isaac Albéniz,"Cataluna (Curranda), No.2 from Suite Espanola",train,2026,midi/impressionist/IMP_080_Isaac_Alb_niz_Cataluna_Curranda_No_2_fr.midi,audio/impressionist/IMP_080_Isaac_Alb_niz_Cataluna_Curranda_No_2_fr.wav,207.3,Impressionist
Isaac Albéniz,Cuba,train,2026,midi/impressionist/IMP_081_Isaac_Alb_niz_Cuba.midi,audio/impressionist/IMP_081_Isaac_Alb_niz_Cuba.wav,271.23,Impressionist
Isaac Albéniz,Not named in file,train,2026,midi/impressionist/IMP_082_Isaac_Alb_niz_Not_named_in_file.midi,audio/impressionist/IMP_082_Isaac_Alb_niz_Not_named_in_file.wav,380.08,Impressionist
Isaac Albéniz,"Suite Espagnole, Aragon, No.7"". Sequencer Unknown.",train,2026,midi/impressionist/IMP_083_Isaac_Alb_niz_Suite_Espagnole_Aragon_No.midi,audio/impressionist/IMP_083_Isaac_Alb_niz_Suite_Espagnole_Aragon_No.wav,239.18,Impressionist
Isaac Albéniz,"Suite Espagnole, Cadiz, No.9"". Sequencer Unknown.",test,2026,midi/impressionist/IMP_084_Isaac_Alb_niz_Suite_Espagnole_Cadiz_No_.midi,audio/impressionist/IMP_084_Isaac_Alb_niz_Suite_Espagnole_Cadiz_No_.wav,217.59,Impressionist
Isaac Albéniz,"Suite Espagnole, Castilla, No.10"". Sequencer Unknown.",test,2026,midi/impressionist/IMP_085_Isaac_Alb_niz_Suite_Espagnole_Castilla_.midi,audio/impressionist/IMP_085_Isaac_Alb_niz_Suite_Espagnole_Castilla_.wav,152.69,Impressionist
Isaac Albéniz,"Suite Espagnole, Cataluna part 1, No.11"". Sequencer Unknown.",train,2026,midi/impressionist/IMP_086_Isaac_Alb_niz_Suite_Espagnole_Cataluna_.midi,audio/impressionist/IMP_086_Isaac_Alb_niz_Suite_Espagnole_Cataluna_.wav,237.48,Impressionist
Isaac Albéniz,"Could be known as Granada"". Sequencer unknown.",validation,2026,midi/impressionist/IMP_087_Isaac_Alb_niz_Could_be_known_as_Granada.midi,audio/impressionist/IMP_087_Isaac_Alb_niz_Could_be_known_as_Granada.wav,242.14,Impressionist
Isaac Albéniz,"Aragon (Fantasia) Opus.47, part 6"". Sequencer Unknown.",train,2026,midi/impressionist/IMP_088_Isaac_Alb_niz_Aragon_Fantasia_Opus_47_p.midi,audio/impressionist/IMP_088_Isaac_Alb_niz_Aragon_Fantasia_Opus_47_p.wav,259.91,Impressionist
Isaac Albéniz,"Castilla (Seguidillas) Opus.47, part 7"". Sequencer Unknown.",test,2026,midi/impressionist/IMP_089_Isaac_Alb_niz_Castilla_Seguidillas_Opus.midi,audio/impressionist/IMP_089_Isaac_Alb_niz_Castilla_Seguidillas_Opus.wav,209.33,Impressionist
Erik Satie,La Diva de l'Empire (1919),train,2026,midi/impressionist/IMP_090_Erik_Satie_La_Diva_de_l_Empire_1919.midi,audio/impressionist/IMP_090_Erik_Satie_La_Diva_de_l_Empire_1919.wav,120.57,Impressionist
Erik Satie,"(3192)""Allegro, 1884",train,2026,midi/impressionist/IMP_091_Erik_Satie_3192_Allegro_1884.midi,audio/impressionist/IMP_091_Erik_Satie_3192_Allegro_1884.wav,38.52,Impressionist
Erik Satie,"(3191)""Balancoir from, Sports et Divertisse, 1914",train,2026,midi/impressionist/IMP_092_Erik_Satie_3191_Balancoir_from_Sport.midi,audio/impressionist/IMP_092_Erik_Satie_3191_Balancoir_from_Sport.wav,28.81,Impressionist
Erik Satie,"(3190)""Modere No.1",train,2026,midi/impressionist/IMP_093_Erik_Satie_3190_Modere_No_1.midi,audio/impressionist/IMP_093_Erik_Satie_3190_Modere_No_1.wav,69.43,Impressionist
Erik Satie,"Danse de travers No.1,(1897)",train,2026,midi/impressionist/IMP_094_Erik_Satie_Danse_de_travers_No_1_189.midi,audio/impressionist/IMP_094_Erik_Satie_Danse_de_travers_No_1_189.wav,145.07,Impressionist
Erik Satie,"Gnossienne No.5,(1889)",train,2026,midi/impressionist/IMP_095_Erik_Satie_Gnossienne_No_5_1889.midi,audio/impressionist/IMP_095_Erik_Satie_Gnossienne_No_5_1889.wav,211.31,Impressionist
Erik Satie,Gnossiènne No.1,test,2026,midi/impressionist/IMP_096_Erik_Satie_Gnossi_nne_No_1.midi,audio/impressionist/IMP_096_Erik_Satie_Gnossi_nne_No_1.wav,384.71,Impressionist
Erik Satie,Gnossiènne No.2,train,2026,midi/impressionist/IMP_097_Erik_Satie_Gnossi_nne_No_2.midi,audio/impressionist/IMP_097_Erik_Satie_Gnossi_nne_No_2.wav,162.12,Impressionist
Erik Satie,Gnossiènne No.4,train,2026,midi/impressionist/IMP_098_Erik_Satie_Gnossi_nne_No_4.midi,audio/impressionist/IMP_098_Erik_Satie_Gnossi_nne_No_4.wav,238.39,Impressionist
Erik Satie,Gnossiènne No.5,train,2026,midi/impressionist/IMP_099_Erik_Satie_Gnossi_nne_No_5.midi,audio/impressionist/IMP_099_Erik_Satie_Gnossi_nne_No_5.wav,216.21,Impressionist
Erik Satie,Gnossiènne No.6,train,2026,midi/impressionist/IMP_100_Erik_Satie_Gnossi_nne_No_6.midi,audio/impressionist/IMP_100_Erik_Satie_Gnossi_nne_No_6.wav,84.86,Impressionist
Erik Satie,Ogive No.1,train,2026,midi/impressionist/IMP_101_Erik_Satie_Ogive_No_1.midi,audio/impressionist/IMP_101_Erik_Satie_Ogive_No_1.wav,89.55,Impressionist
Erik Satie,Ogive No.2,train,2026,midi/impressionist/IMP_102_Erik_Satie_Ogive_No_2.midi,audio/impressionist/IMP_102_Erik_Satie_Ogive_No_2.wav,89.74,Impressionist
Erik Satie,Ogive No.3,train,2026,midi/impressionist/IMP_103_Erik_Satie_Ogive_No_3.midi,audio/impressionist/IMP_103_Erik_Satie_Ogive_No_3.wav,104.64,Impressionist
Erik Satie,Ogive No.4,train,2026,midi/impressionist/IMP_104_Erik_Satie_Ogive_No_4.midi,audio/impressionist/IMP_104_Erik_Satie_Ogive_No_4.wav,94.66,Impressionist
Erik Satie,Sarabande No.1,train,2026,midi/impressionist/IMP_105_Erik_Satie_Sarabande_No_1.midi,audio/impressionist/IMP_105_Erik_Satie_Sarabande_No_1.wav,279.48,Impressionist
Erik Satie,Le Piccadilly (1904),train,2026,midi/impressionist/IMP_106_Erik_Satie_Le_Piccadilly_1904.midi,audio/impressionist/IMP_106_Erik_Satie_Le_Piccadilly_1904.wav,98.58,Impressionist
Erik Satie,"Gymnopedie No.2"".  Sequencer unknown.",train,2026,midi/impressionist/IMP_107_Erik_Satie_Gymnopedie_No_2_Sequencer.midi,audio/impressionist/IMP_107_Erik_Satie_Gymnopedie_No_2_Sequencer.wav,136.0,Impressionist
Erik Satie,"Gymnopedie No.3"". Sequencer unknown.",train,2026,midi/impressionist/IMP_108_Erik_Satie_Gymnopedie_No_3_Sequencer.midi,audio/impressionist/IMP_108_Erik_Satie_Gymnopedie_No_3_Sequencer.wav,122.0,Impressionist
Cécile Chaminade,Serenade,train,2026,midi/impressionist/IMP_109_C_cile_Chaminade_Serenade.midi,audio/impressionist/IMP_109_C_cile_Chaminade_Serenade.wav,158.57,Impressionist
Cécile Chaminade,La Lisonjera (The Flatterer),train,2026,midi/impressionist/IMP_110_C_cile_Chaminade_La_Lisonjera_The_Flattere.midi,audio/impressionist/IMP_110_C_cile_Chaminade_La_Lisonjera_The_Flattere.wav,250.54,Impressionist
Cécile Chaminade,Scarf Dance,validation,2026,midi/impressionist/IMP_111_C_cile_Chaminade_Scarf_Dance.midi,audio/impressionist/IMP_111_C_cile_Chaminade_Scarf_Dance.wav,200.0,Impressionist
Cécile Chaminade,"Menuet, Opus.5",train,2026,midi/impressionist/IMP_112_C_cile_Chaminade_Menuet_Opus_5.midi,audio/impressionist/IMP_112_C_cile_Chaminade_Menuet_Opus_5.wav,352.5,Impressionist
Cécile Chaminade,"Berceuse, Opus.6",test,2026,midi/impressionist/IMP_113_C_cile_Chaminade_Berceuse_Opus_6.midi,audio/impressionist/IMP_113_C_cile_Chaminade_Berceuse_Opus_6.wav,236.12,Impressionist
Cécile Chaminade,"Piece Romantique, Opus.9, No.1",train,2026,midi/impressionist/IMP_114_C_cile_Chaminade_Piece_Romantique_Opus_9_N.midi,audio/impressionist/IMP_114_C_cile_Chaminade_Piece_Romantique_Opus_9_N.wav,108.0,Impressionist
Cécile Chaminade,"Gavotte, Opus.9, No.2",train,2026,midi/impressionist/IMP_115_C_cile_Chaminade_Gavotte_Opus_9_No_2.midi,audio/impressionist/IMP_115_C_cile_Chaminade_Gavotte_Opus_9_No_2.wav,121.25,Impressionist
Cécile Chaminade,Au Pays Devaste (In the ravaged land) Opus.16,train,2026,midi/impressionist/IMP_116_C_cile_Chaminade_Au_Pays_Devaste_In_the_ra.midi,audio/impressionist/IMP_116_C_cile_Chaminade_Au_Pays_Devaste_In_the_ra.wav,250.08,Impressionist
Cécile Chaminade,"Minuetto, Opus.23",train,2026,midi/impressionist/IMP_117_C_cile_Chaminade_Minuetto_Opus_23.midi,audio/impressionist/IMP_117_C_cile_Chaminade_Minuetto_Opus_23.wav,257.73,Impressionist
Cécile Chaminade,"Valse Caprice, Opus.33",train,2026,midi/impressionist/IMP_118_C_cile_Chaminade_Valse_Caprice_Opus_33.midi,audio/impressionist/IMP_118_C_cile_Chaminade_Valse_Caprice_Opus_33.wav,317.94,Impressionist
Cécile Chaminade,"Arlequine, Opus.53",validation,2026,midi/impressionist/IMP_119_C_cile_Chaminade_Arlequine_Opus_53.midi,audio/impressionist/IMP_119_C_cile_Chaminade_Arlequine_Opus_53.wav,172.77,Impressionist
Cécile Chaminade,"The Fauns, from Les Sylvains, Opus.60",train,2026,midi/impressionist/IMP_120_C_cile_Chaminade_The_Fauns_from_Les_Sylvai.midi,audio/impressionist/IMP_120_C_cile_Chaminade_The_Fauns_from_Les_Sylvai.wav,155.9,Impressionist
Cécile Chaminade,"Arabesque, Opus.61",train,2026,midi/impressionist/IMP_121_C_cile_Chaminade_Arabesque_Opus_61.midi,audio/impressionist/IMP_121_C_cile_Chaminade_Arabesque_Opus_61.wav,191.63,Impressionist
Cécile Chaminade,"La Morena, Caprice Esagol, Opus.67",train,2026,midi/impressionist/IMP_122_C_cile_Chaminade_La_Morena_Caprice_Esagol_.midi,audio/impressionist/IMP_122_C_cile_Chaminade_La_Morena_Caprice_Esagol_.wav,160.42,Impressionist
Cécile Chaminade,"Legende, Opus.90",train,2026,midi/impressionist/IMP_123_C_cile_Chaminade_Legende_Opus_90.midi,audio/impressionist/IMP_123_C_cile_Chaminade_Legende_Opus_90.wav,399.15,Impressionist
Cécile Chaminade,"Deluxieme Arabesque,  Opus.92",train,2026,midi/impressionist/IMP_124_C_cile_Chaminade_Deluxieme_Arabesque_Opus_.midi,audio/impressionist/IMP_124_C_cile_Chaminade_Deluxieme_Arabesque_Opus_.wav,278.32,Impressionist
Cécile Chaminade,"Promenade, No.1, Opus.98",train,2026,midi/impressionist/IMP_125_C_cile_Chaminade_Promenade_No_1_Opus_98.midi,audio/impressionist/IMP_125_C_cile_Chaminade_Promenade_No_1_Opus_98.wav,163.33,Impressionist
Cécile Chaminade,"Scherzetto, No.2, Opus.98",train,2026,midi/impressionist/IMP_126_C_cile_Chaminade_Scherzetto_No_2_Opus_98.midi,audio/impressionist/IMP_126_C_cile_Chaminade_Scherzetto_No_2_Opus_98.wav,172.11,Impressionist
Cécile Chaminade,"(5017)""Elegie No.3, Opus.98",test,2026,midi/impressionist/IMP_127_C_cile_Chaminade_5017_Elegie_No_3_Opus_98.midi,audio/impressionist/IMP_127_C_cile_Chaminade_5017_Elegie_No_3_Opus_98.wav,160.91,Impressionist
Cécile Chaminade,"(5018)""Valse Arabesque No.4, Opus.98",train,2026,midi/impressionist/IMP_128_C_cile_Chaminade_5018_Valse_Arabesque_No_4.midi,audio/impressionist/IMP_128_C_cile_Chaminade_5018_Valse_Arabesque_No_4.wav,220.73,Impressionist
Cécile Chaminade,"Agitato, Opus.108",train,2026,midi/impressionist/IMP_129_C_cile_Chaminade_Agitato_Opus_108.midi,audio/impressionist/IMP_129_C_cile_Chaminade_Agitato_Opus_108.wav,163.03,Impressionist
Cécile Chaminade,"Aubade, Opus.140, No.2",train,2026,midi/impressionist/IMP_130_C_cile_Chaminade_Aubade_Opus_140_No_2.midi,audio/impressionist/IMP_130_C_cile_Chaminade_Aubade_Opus_140_No_2.wav,83.48,Impressionist
Cécile Chaminade,"Air Italien, Au Pays Bleu, Opus.179",validation,2026,midi/impressionist/IMP_131_C_cile_Chaminade_Air_Italien_Au_Pays_Bleu_.midi,audio/impressionist/IMP_131_C_cile_Chaminade_Air_Italien_Au_Pays_Bleu_.wav,111.53,Impressionist
Cécile Chaminade,"Gavotte, No.5, Opus.162"". See Above.",train,2026,midi/impressionist/IMP_132_C_cile_Chaminade_Gavotte_No_5_Opus_162_See.midi,audio/impressionist/IMP_132_C_cile_Chaminade_Gavotte_No_5_Opus_162_See.wav,200.63,Impressionist
Cécile Chaminade,"Six concert Etudes Opus.35, No.5 in D flat Autumn"". Sequencer Unknown.",train,2026,midi/impressionist/IMP_133_C_cile_Chaminade_Six_concert_Etudes_Opus_3.midi,audio/impressionist/IMP_133_C_cile_Chaminade_Six_concert_Etudes_Opus_3.wav,384.4,Impressionist
Cécile Chaminade,"Calirro, Opus.37, No.4",train,2026,midi/impressionist/IMP_134_C_cile_Chaminade_Calirro_Opus_37_No_4.midi,audio/impressionist/IMP_134_C_cile_Chaminade_Calirro_Opus_37_No_4.wav,91.57,Impressionist
Cécile Chaminade,"Lolita Caprice Espagnol, Opus.54",train,2026,midi/impressionist/IMP_135_C_cile_Chaminade_Lolita_Caprice_Espagnol_O.midi,audio/impressionist/IMP_135_C_cile_Chaminade_Lolita_Caprice_Espagnol_O.wav,128.92,Impressionist
Cécile Chaminade,"Opus.76, No.6"". Sequencer Unknown.",train,2026,midi/impressionist/IMP_136_C_cile_Chaminade_Opus_76_No_6_Sequencer_Un.midi,audio/impressionist/IMP_136_C_cile_Chaminade_Opus_76_No_6_Sequencer_Un.wav,211.96,Impressionist
Cécile Chaminade,"Danse Cruole in Eb Minor, Opus 96 (1898)",train,2026,midi/impressionist/IMP_137_C_cile_Chaminade_Danse_Cruole_in_Eb_Minor_.midi,audio/impressionist/IMP_137_C_cile_Chaminade_Danse_Cruole_in_Eb_Minor_.wav,129.03,Impressionist
Cécile Chaminade,"Album des Enfants 2nd serie, Opus.126, No.1, Idylle"". Sequencer Unknown.",train,2026,midi/impressionist/IMP_138_C_cile_Chaminade_Album_des_Enfants_2nd_ser.midi,audio/impressionist/IMP_138_C_cile_Chaminade_Album_des_Enfants_2nd_ser.wav,85.77,Impressionist
Cécile Chaminade,"Album des Enfants 2nd serie, Opus.126, No.2, Aubade"". Sequencer Unknown.",train,2026,midi/impressionist/IMP_139_C_cile_Chaminade_Album_des_Enfants_2nd_ser.midi,audio/impressionist/IMP_139_C_cile_Chaminade_Album_des_Enfants_2nd_ser.wav,86.23,Impressionist
Cécile Chaminade,"Album des Enfants 2nd serie, Opus.126, No.3, Rigaudon"". Sequencer Unknown.",train,2026,midi/impressionist/IMP_140_C_cile_Chaminade_Album_des_Enfants_2nd_ser.midi,audio/impressionist/IMP_140_C_cile_Chaminade_Album_des_Enfants_2nd_ser.wav,62.87,Impressionist
Cécile Chaminade,"Album des Enfants 2nd serie, Opus.126, No.4, Eglogue"". Sequencer Unknown.",test,2026,midi/impressionist/IMP_141_C_cile_Chaminade_Album_des_Enfants_2nd_ser.midi,audio/impressionist/IMP_141_C_cile_Chaminade_Album_des_Enfants_2nd_ser.wav,71.59,Impressionist
Cécile Chaminade,"Album des Enfants 2nd serie, Opus.126, No.5, Ballade"". Sequencer Unknown.",validation,2026,midi/impressionist/IMP_142_C_cile_Chaminade_Album_des_Enfants_2nd_ser.midi,audio/impressionist/IMP_142_C_cile_Chaminade_Album_des_Enfants_2nd_ser.wav,78.89,Impressionist
Cécile Chaminade,"Album des Enfants 2nd serie, Opus.126, No.8, Novelette",test,2026,midi/impressionist/IMP_143_C_cile_Chaminade_Album_des_Enfants_2nd_ser.midi,audio/impressionist/IMP_143_C_cile_Chaminade_Album_des_Enfants_2nd_ser.wav,95.93,Impressionist
Cécile Chaminade,"Album des Enfants 2nd serie, Opus.126, No.9, Patrouille",train,2026,midi/impressionist/IMP_144_C_cile_Chaminade_Album_des_Enfants_2nd_ser.midi,audio/impressionist/IMP_144_C_cile_Chaminade_Album_des_Enfants_2nd_ser.wav,90.24,Impressionist
Cécile Chaminade,"Album des Enfants 2nd serie, Opus.126, No.11"". Sequencer Unknown.",train,2026,midi/impressionist/IMP_145_C_cile_Chaminade_Album_des_Enfants_2nd_ser.midi,audio/impressionist/IMP_145_C_cile_Chaminade_Album_des_Enfants_2nd_ser.wav,123.32,Impressionist
Cécile Chaminade,"Album des Enfants 2nd serie, Opus.126, No.12"". Sequencer Unknown.",train,2026,midi/impressionist/IMP_146_C_cile_Chaminade_Album_des_Enfants_2nd_ser.midi,audio/impressionist/IMP_146_C_cile_Chaminade_Album_des_Enfants_2nd_ser.wav,93.93,Impressionist
Gabriel Fauré,"(4784)""Clair Delune, Opus46.no.2. Sequencer by Unknown.",train,2026,midi/impressionist/IMP_147_Gabriel_Faur_4784_Clair_Delune_Opus46_.midi,audio/impressionist/IMP_147_Gabriel_Faur_4784_Clair_Delune_Opus46_.wav,186.0,Impressionist
Gabriel Fauré,Romance sans paroles,train,2026,midi/impressionist/IMP_148_Gabriel_Faur_Romance_sans_paroles.midi,audio/impressionist/IMP_148_Gabriel_Faur_Romance_sans_paroles.wav,126.33,Impressionist
Gabriel Fauré,Noctune,train,2026,midi/impressionist/IMP_149_Gabriel_Faur_Noctune.midi,audio/impressionist/IMP_149_Gabriel_Faur_Noctune.wav,305.86,Impressionist
Gabriel Fauré,Le Jardin de Dolly No.3,train,2026,midi/impressionist/IMP_150_Gabriel_Faur_Le_Jardin_de_Dolly_No_3.midi,audio/impressionist/IMP_150_Gabriel_Faur_Le_Jardin_de_Dolly_No_3.wav,160.43,Impressionist
Gabriel Fauré,"Le Jardin de Dolly No.2"". Sequencer unknown",validation,2026,midi/impressionist/IMP_151_Gabriel_Faur_Le_Jardin_de_Dolly_No_2_S.midi,audio/impressionist/IMP_151_Gabriel_Faur_Le_Jardin_de_Dolly_No_2_S.wav,118.81,Impressionist
Enrique Granados,"(4014)""El Pelele from Goyesca",test,2026,midi/impressionist/IMP_152_Enrique_Granados_4014_El_Pelele_from_Goyes.midi,audio/impressionist/IMP_152_Enrique_Granados_4014_El_Pelele_from_Goyes.wav,265.1,Impressionist
Enrique Granados,"(4013)""Goyesca, Mov.1"". Sequencer Unknown.",train,2026,midi/impressionist/IMP_153_Enrique_Granados_4013_Goyesca_Mov_1_Sequen.midi,audio/impressionist/IMP_153_Enrique_Granados_4013_Goyesca_Mov_1_Sequen.wav,478.03,Impressionist
Enrique Granados,"(4012)""Danza Espanola Villanesca"". Sequencer Unknown.",train,2026,midi/impressionist/IMP_154_Enrique_Granados_4012_Danza_Espanola_Villa.midi,audio/impressionist/IMP_154_Enrique_Granados_4012_Danza_Espanola_Villa.wav,283.38,Impressionist
Enrique Granados,"(4011)""Danza Espanola Oriental"". Sequencer Unknown.",train,2026,midi/impressionist/IMP_155_Enrique_Granados_4011_Danza_Espanola_Orien.midi,audio/impressionist/IMP_155_Enrique_Granados_4011_Danza_Espanola_Orien.wav,208.41,Impressionist
Enrique Granados,"(4010)""Danza Espanola No. 3"". Sequencer Unknown.",train,2026,midi/impressionist/IMP_156_Enrique_Granados_4010_Danza_Espanola_No_3_.midi,audio/impressionist/IMP_156_Enrique_Granados_4010_Danza_Espanola_No_3_.wav,189.58,Impressionist
Charles Tomlinson Griffes,"The White Peacock, Roman Sketches, Opus.7, No.1",validation,2026,midi/impressionist/IMP_157_Charles_Tomlinson_Griffes_The_White_Peacock_Roman_S.midi,audio/impressionist/IMP_157_Charles_Tomlinson_Griffes_The_White_Peacock_Roman_S.wav,325.92,Impressionist
Charles Tomlinson Griffes,"The Vale of Dreams, Three Tone Pictures  Opus.5, No.2",train,2026,midi/impressionist/IMP_158_Charles_Tomlinson_Griffes_The_Vale_of_Dreams_Three_.midi,audio/impressionist/IMP_158_Charles_Tomlinson_Griffes_The_Vale_of_Dreams_Three_.wav,215.81,Impressionist
Charles Tomlinson Griffes,The Fountain of the Aqua Paola,train,2026,midi/impressionist/IMP_159_Charles_Tomlinson_Griffes_The_Fountain_of_the_Aqua_.midi,audio/impressionist/IMP_159_Charles_Tomlinson_Griffes_The_Fountain_of_the_Aqua_.wav,182.19,Impressionist
Charles Tomlinson Griffes,The Night Winds from Three Tone-Pictures for Piano,train,2026,midi/impressionist/IMP_160_Charles_Tomlinson_Griffes_The_Night_Winds_from_Thre.midi,audio/impressionist/IMP_160_Charles_Tomlinson_Griffes_The_Night_Winds_from_Thre.wav,103.4,Impressionist
Manuel de Falla,Ritual Fire Dance,validation,2026,midi/impressionist/IMP_161_Manuel_de_Falla_Ritual_Fire_Dance.midi,audio/impressionist/IMP_161_Manuel_de_Falla_Ritual_Fire_Dance.wav,217.85,Impressionist
Manuel de Falla,"(3679)""Montanes"". Sequencer Unknown.",train,2026,midi/impressionist/IMP_162_Manuel_de_Falla_3679_Montanes_Sequencer_U.midi,audio/impressionist/IMP_162_Manuel_de_Falla_3679_Montanes_Sequencer_U.wav,276.71,Impressionist
Manuel de Falla,"(3678)""Cubana"". Sequencer Unknown.",validation,2026,midi/impressionist/IMP_163_Manuel_de_Falla_3678_Cubana_Sequencer_Unk.midi,audio/impressionist/IMP_163_Manuel_de_Falla_3678_Cubana_Sequencer_Unk.wav,287.16,Impressionist
Déodat de Séverac,"(4981)""Baigneuses au Soleil (Bathers in the sun)",test,2026,midi/impressionist/IMP_164_D_odat_de_S_verac_4981_Baigneuses_au_Soleil.midi,audio/impressionist/IMP_164_D_odat_de_S_verac_4981_Baigneuses_au_Soleil.wav,407.75,Impressionist
Déodat de Séverac,"Le Chant Dala Terre, Intermezzo",train,2026,midi/impressionist/IMP_165_D_odat_de_S_verac_Le_Chant_Dala_Terre_Inter.midi,audio/impressionist/IMP_165_D_odat_de_S_verac_Le_Chant_Dala_Terre_Inter.wav,170.4,Impressionist
Déodat de Séverac,"La Grele, No.3, Intermezzo",train,2026,midi/impressionist/IMP_166_D_odat_de_S_verac_La_Grele_No_3_Intermezzo.midi,audio/impressionist/IMP_166_D_odat_de_S_verac_La_Grele_No_3_Intermezzo.wav,225.82,Impressionist
Déodat de Séverac,"Les Moissons, No.4",train,2026,midi/impressionist/IMP_167_D_odat_de_S_verac_Les_Moissons_No_4.midi,audio/impressionist/IMP_167_D_odat_de_S_verac_Les_Moissons_No_4.wav,101.12,Impressionist
Déodat de Séverac,"Epilogue, Le Jour des Noces, No.4",train,2026,midi/impressionist/IMP_168_D_odat_de_S_verac_Epilogue_Le_Jour_des_Noce.midi,audio/impressionist/IMP_168_D_odat_de_S_verac_Epilogue_Le_Jour_des_Noce.wav,124.74,Impressionist
Déodat de Séverac,Les Semailles,test,2026,midi/impressionist/IMP_169_D_odat_de_S_verac_Les_Semailles.midi,audio/impressionist/IMP_169_D_odat_de_S_verac_Les_Semailles.wav,209.28,Impressionist
Déodat de Séverac,Le Labour,train,2026,midi/impressionist/IMP_170_D_odat_de_S_verac_Le_Labour.midi,audio/impressionist/IMP_170_D_odat_de_S_verac_Le_Labour.wav,283.08,Impressionist
Déodat de Séverac,"Pippermint, Valse Brillante De Concert",train,2026,midi/impressionist/IMP_171_D_odat_de_S_verac_Pippermint_Valse_Brillant.midi,audio/impressionist/IMP_171_D_odat_de_S_verac_Pippermint_Valse_Brillant.wav,375.02,Impressionist
Déodat de Séverac,"Prelude from Petite Suite Scholastique, No.1",train,2026,midi/impressionist/IMP_172_D_odat_de_S_verac_Prelude_from_Petite_Suite.midi,audio/impressionist/IMP_172_D_odat_de_S_verac_Prelude_from_Petite_Suite.wav,113.0,Impressionist
Déodat de Séverac,"Cantilene Melancolique from Petite Suite Scholastique, No.4",train,2026,midi/impressionist/IMP_173_D_odat_de_S_verac_Cantilene_Melancolique_fr.midi,audio/impressionist/IMP_173_D_odat_de_S_verac_Cantilene_Melancolique_fr.wav,150.75,Impressionist
Déodat de Séverac,"Fanfare Fuee from Petite Suite Scholastique, No.5",train,2026,midi/impressionist/IMP_174_D_odat_de_S_verac_Fanfare_Fuee_from_Petite_.midi,audio/impressionist/IMP_174_D_odat_de_S_verac_Fanfare_Fuee_from_Petite_.wav,180.0,Impressionist
Emmanuel Chabrier,Feuillet d'album (Albumleaf),validation,2026,midi/impressionist/IMP_175_Emmanuel_Chabrier_Feuillet_d_album_Albumlea.midi,audio/impressionist/IMP_175_Emmanuel_Chabrier_Feuillet_d_album_Albumlea.wav,112.23,Impressionist
Paul Dukas,"(5022)""Sonate, in G Flat Minos, Mov.1",test,2026,midi/impressionist/IMP_176_Paul_Dukas_5022_Sonate_in_G_Flat_Min.midi,audio/impressionist/IMP_176_Paul_Dukas_5022_Sonate_in_G_Flat_Min.wav,595.57,Impressionist
Paul Dukas,Prelude Elegiaque,train,2026,midi/impressionist/IMP_177_Paul_Dukas_Prelude_Elegiaque.midi,audio/impressionist/IMP_177_Paul_Dukas_Prelude_Elegiaque.wav,188.31,Impressionist
Felix Swinstead,"(4240)""Variations on a Theme by Concone",train,2026,midi/impressionist/IMP_178_Felix_Swinstead_4240_Variations_on_a_Them.midi,audio/impressionist/IMP_178_Felix_Swinstead_4240_Variations_on_a_Them.wav,577.75,Impressionist
Felix Swinstead,"Homage to Bach No.1 Opus.38, from the Five Idylls",train,2026,midi/impressionist/IMP_179_Felix_Swinstead_Homage_to_Bach_No_1_Opus_.midi,audio/impressionist/IMP_179_Felix_Swinstead_Homage_to_Bach_No_1_Opus_.wav,126.88,Impressionist
Felix Swinstead,"Early Morning No.2 Opus.38, from the Five Idylls",test,2026,midi/impressionist/IMP_180_Felix_Swinstead_Early_Morning_No_2_Opus_3.midi,audio/impressionist/IMP_180_Felix_Swinstead_Early_Morning_No_2_Opus_3.wav,78.67,Impressionist
Felix Swinstead,"Waltz Dream, No.3, Opus.38, from the Five Idylls",train,2026,midi/impressionist/IMP_181_Felix_Swinstead_Waltz_Dream_No_3_Opus_38_.midi,audio/impressionist/IMP_181_Felix_Swinstead_Waltz_Dream_No_3_Opus_38_.wav,142.0,Impressionist
Felix Swinstead,"Playtime, No.4, Opus.38, from the Five Idylls",train,2026,midi/impressionist/IMP_182_Felix_Swinstead_Playtime_No_4_Opus_38_fro.midi,audio/impressionist/IMP_182_Felix_Swinstead_Playtime_No_4_Opus_38_fro.wav,90.84,Impressionist
Felix Swinstead,"To The Moon, No.5, Opus.38, from the Five Idylls",train,2026,midi/impressionist/IMP_183_Felix_Swinstead_To_The_Moon_No_5_Opus_38_.midi,audio/impressionist/IMP_183_Felix_Swinstead_To_The_Moon_No_5_Opus_38_.wav,94.15,Impressionist
Felix Swinstead,Fantasie in B flat Minor (1916),train,2026,midi/impressionist/IMP_184_Felix_Swinstead_Fantasie_in_B_flat_Minor_.midi,audio/impressionist/IMP_184_Felix_Swinstead_Fantasie_in_B_flat_Minor_.wav,476.72,Impressionist
Felix Swinstead,The Jolly Roger,train,2026,midi/impressionist/IMP_185_Felix_Swinstead_The_Jolly_Roger.midi,audio/impressionist/IMP_185_Felix_Swinstead_The_Jolly_Roger.wav,99.35,Impressionist
Felix Swinstead,"Prelude Romantique, Opus.53",train,2026,midi/impressionist/IMP_186_Felix_Swinstead_Prelude_Romantique_Opus_5.midi,audio/impressionist/IMP_186_Felix_Swinstead_Prelude_Romantique_Opus_5.wav,107.29,Impressionist
Felix Swinstead,"Humoresque Opus.21"", Sequenced by Steven Ritchie.",train,2026,midi/impressionist/IMP_187_Felix_Swinstead_Humoresque_Opus_21_Sequen.midi,audio/impressionist/IMP_187_Felix_Swinstead_Humoresque_Opus_21_Sequen.wav,117.05,Impressionist
Alec Rowley,"(4672)""Moonlight",train,2026,midi/impressionist/IMP_188_Alec_Rowley_4672_Moonlight.midi,audio/impressionist/IMP_188_Alec_Rowley_4672_Moonlight.wav,102.86,Impressionist
Alec Rowley,"(4671)""Into the Icy Blast",train,2026,midi/impressionist/IMP_189_Alec_Rowley_4671_Into_the_Icy_Blast.midi,audio/impressionist/IMP_189_Alec_Rowley_4671_Into_the_Icy_Blast.wav,87.23,Impressionist
Alec Rowley,"(4665)""Sea-Spray",train,2026,midi/impressionist/IMP_190_Alec_Rowley_4665_Sea-Spray.midi,audio/impressionist/IMP_190_Alec_Rowley_4665_Sea-Spray.wav,106.5,Impressionist
Alec Rowley,"(4664)""The Bell Buoy",train,2026,midi/impressionist/IMP_191_Alec_Rowley_4664_The_Bell_Buoy.midi,audio/impressionist/IMP_191_Alec_Rowley_4664_The_Bell_Buoy.wav,142.71,Impressionist
Alec Rowley,Evening Mists,test,2026,midi/impressionist/IMP_192_Alec_Rowley_Evening_Mists.midi,audio/impressionist/IMP_192_Alec_Rowley_Evening_Mists.wav,212.5,Impressionist
Alec Rowley,"Humoresque, Opus.31",train,2026,midi/impressionist/IMP_193_Alec_Rowley_Humoresque_Opus_31.midi,audio/impressionist/IMP_193_Alec_Rowley_Humoresque_Opus_31.wav,187.17,Impressionist
Alec Rowley,The Phantom Ship  Composed in 1926,test,2026,midi/impressionist/IMP_194_Alec_Rowley_The_Phantom_Ship_Composed.midi,audio/impressionist/IMP_194_Alec_Rowley_The_Phantom_Ship_Composed.wav,177.05,Impressionist
Cécile Chaminade,"Air de Ballet, Introduction, Opus.30",train,2026,midi/impressionist/IMP_195_C_cile_Chaminade_Air_de_Ballet_Introductio.midi,audio/impressionist/IMP_195_C_cile_Chaminade_Air_de_Ballet_Introductio.wav,410.56,Impressionist
Cécile Chaminade,"Lolita Caprice Esagnol from Air de Ballet, Opus.30",train,2026,midi/impressionist/IMP_196_C_cile_Chaminade_Lolita_Caprice_Esagnol_fr.midi,audio/impressionist/IMP_196_C_cile_Chaminade_Lolita_Caprice_Esagnol_fr.wav,204.5,Impressionist
Cécile Chaminade,"Pas des Ampores from Air de Ballet, Opus.30",train,2026,midi/impressionist/IMP_197_C_cile_Chaminade_Pas_des_Ampores_from_Air_.midi,audio/impressionist/IMP_197_C_cile_Chaminade_Pas_des_Ampores_from_Air_.wav,184.88,Impressionist
Cécile Chaminade,"Callirhoe  from Air de Ballet, Opus.30",train,2026,midi/impressionist/IMP_198_C_cile_Chaminade_Callirhoe_from_Air_de_Bal.midi,audio/impressionist/IMP_198_C_cile_Chaminade_Callirhoe_from_Air_de_Bal.wav,102.97,Impressionist
Cécile Chaminade,"Danse Pastorale No.5 from Air de Ballet, Op.30",validation,2026,midi/impressionist/IMP_199_C_cile_Chaminade_Danse_Pastorale_No_5_from.midi,audio/impressionist/IMP_199_C_cile_Chaminade_Danse_Pastorale_No_5_from.wav,241.0,Impressionist
Cécile Chaminade,"La Livry from Air de Ballet, Op.51",train,2026,midi/impressionist/IMP_200_C_cile_Chaminade_La_Livry_from_Air_de_Ball.midi,audio/impressionist/IMP_200_C_cile_Chaminade_La_Livry_from_Air_de_Ball.wav,221.74,Impressionist
Alban Berg,Sonata Op. 1,train,2018,midi/modern/MOD_001_Alban_Berg_Sonata_Op_1.midi,audio/modern/MOD_001_Alban_Berg_Sonata_Op_1.wav,698.66,Modern
Alban Berg,Sonata Op. 1,train,2008,midi/modern/MOD_002_Alban_Berg_Sonata_Op_1.midi,audio/modern/MOD_002_Alban_Berg_Sonata_Op_1.wav,759.52,Modern
Alban Berg,Sonata Op. 1,train,2017,midi/modern/MOD_003_Alban_Berg_Sonata_Op_1.midi,audio/modern/MOD_003_Alban_Berg_Sonata_Op_1.wav,464.65,Modern
Alexander Scriabin,"24 Preludes Op. 11, No. 13-24",train,2004,midi/modern/MOD_004_Alexander_Scriabin_24_Preludes_Op_11_No_13-2.midi,audio/modern/MOD_004_Alexander_Scriabin_24_Preludes_Op_11_No_13-2.wav,872.64,Modern
Alexander Scriabin,"3 Etudes, Op. 65",train,2006,midi/modern/MOD_005_Alexander_Scriabin_3_Etudes_Op_65.midi,audio/modern/MOD_005_Alexander_Scriabin_3_Etudes_Op_65.wav,397.86,Modern
Alexander Scriabin,"5 Preludes, Op.15",train,2009,midi/modern/MOD_006_Alexander_Scriabin_5_Preludes_Op_15.midi,audio/modern/MOD_006_Alexander_Scriabin_5_Preludes_Op_15.wav,400.56,Modern
Alexander Scriabin,"Entragete, Op.63",train,2009,midi/modern/MOD_007_Alexander_Scriabin_Entragete_Op_63.midi,audio/modern/MOD_007_Alexander_Scriabin_Entragete_Op_63.wav,163.75,Modern
Alexander Scriabin,"Etude Op. 2 No.1;  Etudes Op. 8, Nos. 5, 11 and 12",validation,2013,midi/modern/MOD_008_Alexander_Scriabin_Etude_Op_2_No_1_Etudes_Op.midi,audio/modern/MOD_008_Alexander_Scriabin_Etude_Op_2_No_1_Etudes_Op.wav,563.9,Modern
Alexander Scriabin,"Etude Op. 42, Nos. 4 & 5",validation,2009,midi/modern/MOD_009_Alexander_Scriabin_Etude_Op_42_Nos_4_5.midi,audio/modern/MOD_009_Alexander_Scriabin_Etude_Op_42_Nos_4_5.wav,136.32,Modern
Alexander Scriabin,"Etude Op. 8, No. 13",train,2009,midi/modern/MOD_010_Alexander_Scriabin_Etude_Op_8_No_13.midi,audio/modern/MOD_010_Alexander_Scriabin_Etude_Op_8_No_13.wav,167.09,Modern
Alexander Scriabin,"Etude in D-flat Major, Op. 8 No. 10",train,2011,midi/modern/MOD_011_Alexander_Scriabin_Etude_in_D-flat_Major_Op_.midi,audio/modern/MOD_011_Alexander_Scriabin_Etude_in_D-flat_Major_Op_.wav,102.01,Modern
Alexander Scriabin,Etudes from Op.8,test,2006,midi/modern/MOD_012_Alexander_Scriabin_Etudes_from_Op_8.midi,audio/modern/MOD_012_Alexander_Scriabin_Etudes_from_Op_8.wav,551.0,Modern
Alexander Scriabin,Fantasy Op. 28 in B Minor,validation,2013,midi/modern/MOD_013_Alexander_Scriabin_Fantasy_Op_28_in_B_Minor.midi,audio/modern/MOD_013_Alexander_Scriabin_Fantasy_Op_28_in_B_Minor.wav,512.16,Modern
Alexander Scriabin,"Fantasy in B Minor, Op. 28",train,2011,midi/modern/MOD_014_Alexander_Scriabin_Fantasy_in_B_Minor_Op_28.midi,audio/modern/MOD_014_Alexander_Scriabin_Fantasy_in_B_Minor_Op_28.wav,476.81,Modern
Alexander Scriabin,"Fantasy, Op. 28",test,2014,midi/modern/MOD_015_Alexander_Scriabin_Fantasy_Op_28.midi,audio/modern/MOD_015_Alexander_Scriabin_Fantasy_Op_28.wav,486.86,Modern
Alexander Scriabin,"Fragilite, Op.51",validation,2009,midi/modern/MOD_016_Alexander_Scriabin_Fragilite_Op_51.midi,audio/modern/MOD_016_Alexander_Scriabin_Fragilite_Op_51.wav,138.42,Modern
Alexander Scriabin,"Prelude and Nocturne for Left Hand, Op. 9",train,2008,midi/modern/MOD_017_Alexander_Scriabin_Prelude_and_Nocturne_for_.midi,audio/modern/MOD_017_Alexander_Scriabin_Prelude_and_Nocturne_for_.wav,463.61,Modern
Alexander Scriabin,Sonata No. 2,train,2006,midi/modern/MOD_018_Alexander_Scriabin_Sonata_No_2.midi,audio/modern/MOD_018_Alexander_Scriabin_Sonata_No_2.wav,613.74,Modern
Alexander Scriabin,"Sonata No. 2 in G-sharp Minor, Op. 19",train,2018,midi/modern/MOD_019_Alexander_Scriabin_Sonata_No_2_in_G-sharp_Mi.midi,audio/modern/MOD_019_Alexander_Scriabin_Sonata_No_2_in_G-sharp_Mi.wav,701.15,Modern
Alexander Scriabin,"Sonata No. 2 in G-sharp Minor, Op. 19",train,2018,midi/modern/MOD_020_Alexander_Scriabin_Sonata_No_2_in_G-sharp_Mi.midi,audio/modern/MOD_020_Alexander_Scriabin_Sonata_No_2_in_G-sharp_Mi.wav,685.01,Modern
Alexander Scriabin,"Sonata No. 2 in G-sharp Minor, Op. 19 (Complete)",train,2017,midi/modern/MOD_021_Alexander_Scriabin_Sonata_No_2_in_G-sharp_Mi.midi,audio/modern/MOD_021_Alexander_Scriabin_Sonata_No_2_in_G-sharp_Mi.wav,661.91,Modern
Alexander Scriabin,"Sonata No. 3 in F-sharp Minor, Op. 23",train,2018,midi/modern/MOD_022_Alexander_Scriabin_Sonata_No_3_in_F-sharp_Mi.midi,audio/modern/MOD_022_Alexander_Scriabin_Sonata_No_3_in_F-sharp_Mi.wav,1120.09,Modern
Alexander Scriabin,"Sonata No. 3 in F-sharp Minor, Op. 23",train,2018,midi/modern/MOD_023_Alexander_Scriabin_Sonata_No_3_in_F-sharp_Mi.midi,audio/modern/MOD_023_Alexander_Scriabin_Sonata_No_3_in_F-sharp_Mi.wav,1195.01,Modern
Alexander Scriabin,"Sonata No. 3 in F-sharp Minor, Op. 23",train,2018,midi/modern/MOD_024_Alexander_Scriabin_Sonata_No_3_in_F-sharp_Mi.midi,audio/modern/MOD_024_Alexander_Scriabin_Sonata_No_3_in_F-sharp_Mi.wav,1117.96,Modern
Alexander Scriabin,"Sonata No. 4 in F-sharp Major ,Op.30",train,2013,midi/modern/MOD_025_Alexander_Scriabin_Sonata_No_4_in_F-sharp_Ma.midi,audio/modern/MOD_025_Alexander_Scriabin_Sonata_No_4_in_F-sharp_Ma.wav,440.11,Modern
Alexander Scriabin,"Sonata No. 5 in F-sharp Minor, Op. 53",train,2004,midi/modern/MOD_026_Alexander_Scriabin_Sonata_No_5_in_F-sharp_Mi.midi,audio/modern/MOD_026_Alexander_Scriabin_Sonata_No_5_in_F-sharp_Mi.wav,659.84,Modern
Alexander Scriabin,"Sonata No. 5, Op. 53",train,2018,midi/modern/MOD_027_Alexander_Scriabin_Sonata_No_5_Op_53.midi,audio/modern/MOD_027_Alexander_Scriabin_Sonata_No_5_Op_53.wav,701.49,Modern
Alexander Scriabin,"Sonata No. 5, Op. 53",train,2009,midi/modern/MOD_028_Alexander_Scriabin_Sonata_No_5_Op_53.midi,audio/modern/MOD_028_Alexander_Scriabin_Sonata_No_5_Op_53.wav,706.2,Modern
Alexander Scriabin,"Sonata No. 5, Op. 53",train,2009,midi/modern/MOD_029_Alexander_Scriabin_Sonata_No_5_Op_53.midi,audio/modern/MOD_029_Alexander_Scriabin_Sonata_No_5_Op_53.wav,648.96,Modern
Alexander Scriabin,"Sonata No. 5, Op. 53",train,2008,midi/modern/MOD_030_Alexander_Scriabin_Sonata_No_5_Op_53.midi,audio/modern/MOD_030_Alexander_Scriabin_Sonata_No_5_Op_53.wav,601.65,Modern
Alexander Scriabin,"Sonata No. 5, Op. 53",train,2014,midi/modern/MOD_031_Alexander_Scriabin_Sonata_No_5_Op_53.midi,audio/modern/MOD_031_Alexander_Scriabin_Sonata_No_5_Op_53.wav,707.9,Modern
Alexander Scriabin,"Sonata No. 5, Op. 53",train,2014,midi/modern/MOD_032_Alexander_Scriabin_Sonata_No_5_Op_53.midi,audio/modern/MOD_032_Alexander_Scriabin_Sonata_No_5_Op_53.wav,644.84,Modern
Alexander Scriabin,Sonata No. 9,train,2006,midi/modern/MOD_033_Alexander_Scriabin_Sonata_No_9.midi,audio/modern/MOD_033_Alexander_Scriabin_Sonata_No_9.wav,476.65,Modern
Alexander Scriabin,Sonata No. 9,train,2006,midi/modern/MOD_034_Alexander_Scriabin_Sonata_No_9.midi,audio/modern/MOD_034_Alexander_Scriabin_Sonata_No_9.wav,426.27,Modern
Alexander Scriabin,"Sonata No. 9, Op. 68",train,2009,midi/modern/MOD_035_Alexander_Scriabin_Sonata_No_9_Op_68.midi,audio/modern/MOD_035_Alexander_Scriabin_Sonata_No_9_Op_68.wav,520.14,Modern
Alexander Scriabin,"Sonata No. 9, Op. 68, ""Black Mass""",train,2018,midi/modern/MOD_036_Alexander_Scriabin_Sonata_No_9_Op_68_Black_M.midi,audio/modern/MOD_036_Alexander_Scriabin_Sonata_No_9_Op_68_Black_M.wav,520.22,Modern
Alexander Scriabin,"Two Impromptus, Op. 14 (Complete)",train,2014,midi/modern/MOD_037_Alexander_Scriabin_Two_Impromptus_Op_14_Comp.midi,audio/modern/MOD_037_Alexander_Scriabin_Two_Impromptus_Op_14_Comp.wav,365.66,Modern
Alexander Scriabin,"Waltz, Op. 38",train,2014,midi/modern/MOD_038_Alexander_Scriabin_Waltz_Op_38.midi,audio/modern/MOD_038_Alexander_Scriabin_Waltz_Op_38.wav,319.91,Modern
George Enescu,Suite Op. 10,validation,2006,midi/modern/MOD_039_George_Enescu_Suite_Op_10.midi,audio/modern/MOD_039_George_Enescu_Suite_Op_10.wav,1364.7,Modern
Leoš Janáček,In the Mists,train,2018,midi/modern/MOD_040_Leo_Jan_ek_In_the_Mists.midi,audio/modern/MOD_040_Leo_Jan_ek_In_the_Mists.wav,855.39,Modern
Leoš Janáček,"In the Mists, I. Andante  ",train,2015,midi/modern/MOD_041_Leo_Jan_ek_In_the_Mists_I_Andante.midi,audio/modern/MOD_041_Leo_Jan_ek_In_the_Mists_I_Andante.wav,217.77,Modern
Leoš Janáček,"Piano Sonata 1. X. 1905 ""From the Street""",test,2018,midi/modern/MOD_042_Leo_Jan_ek_Piano_Sonata_1_X_1905_Fro.midi,audio/modern/MOD_042_Leo_Jan_ek_Piano_Sonata_1_X_1905_Fro.wav,837.56,Modern
Leoš Janáček,"Sonata 1.x.1905 ""On the Streets""",train,2009,midi/modern/MOD_043_Leo_Jan_ek_Sonata_1_x_1905_On_the_St.midi,audio/modern/MOD_043_Leo_Jan_ek_Sonata_1_x_1905_On_the_St.wav,891.96,Modern
Percy Grainger,Ramble on the Last Love - Duet,train,2018,midi/modern/MOD_044_Percy_Grainger_Ramble_on_the_Last_Love_-.midi,audio/modern/MOD_044_Percy_Grainger_Ramble_on_the_Last_Love_-.wav,441.12,Modern
Sergei Prokofiev,"Toccata, Op. 11 (Performance 1)",train,2026,midi/modern/MOD_045_Sergei_Prokofiev_Toccata_Op_11_Performance.midi,audio/modern/MOD_045_Sergei_Prokofiev_Toccata_Op_11_Performance.wav,260.3,Modern
Vladimir Rebikov,The Organ Grinder,test,2026,midi/modern/MOD_046_Vladimir_Rebikov_The_Organ_Grinder.midi,audio/modern/MOD_046_Vladimir_Rebikov_The_Organ_Grinder.wav,132.54,Modern
Samuel Maykapar,Kis Mese-Kleines Marchen,train,2026,midi/modern/MOD_047_Samuel_Maykapar_Kis_Mese-Kleines_Marchen.midi,audio/modern/MOD_047_Samuel_Maykapar_Kis_Mese-Kleines_Marchen.wav,51.04,Modern
György Ránki,3Afrikai Varazsmondoka,train,2026,midi/modern/MOD_048_Gy_rgy_R_nki_3Afrikai_Varazsmondoka.midi,audio/modern/MOD_048_Gy_rgy_R_nki_3Afrikai_Varazsmondoka.wav,62.79,Modern
György Ránki,Kapuvari Verbnk 2,train,2026,midi/modern/MOD_049_Gy_rgy_R_nki_Kapuvari_Verbnk_2.midi,audio/modern/MOD_049_Gy_rgy_R_nki_Kapuvari_Verbnk_2.wav,32.04,Modern
Dmitry Kabalevsky,Prelude and Fugue,train,2026,midi/modern/MOD_050_Dmitry_Kabalevsky_Prelude_and_Fugue.midi,audio/modern/MOD_050_Dmitry_Kabalevsky_Prelude_and_Fugue.wav,150.51,Modern
Dmitry Kabalevsky,"Brief Story Op. 39, No22",train,2026,midi/modern/MOD_051_Dmitry_Kabalevsky_Brief_Story_Op_39_No22.midi,audio/modern/MOD_051_Dmitry_Kabalevsky_Brief_Story_Op_39_No22.wav,58.7,Modern
Dmitry Kabalevsky,"Little Song Op. 27, No2",validation,2026,midi/modern/MOD_052_Dmitry_Kabalevsky_Little_Song_Op_27_No2.midi,audio/modern/MOD_052_Dmitry_Kabalevsky_Little_Song_Op_27_No2.wav,41.33,Modern
Dmitry Kabalevsky,"The Clown Op. 39,No20",train,2026,midi/modern/MOD_053_Dmitry_Kabalevsky_The_Clown_Op_39_No20.midi,audio/modern/MOD_053_Dmitry_Kabalevsky_The_Clown_Op_39_No20.wav,30.84,Modern
Dmitry Kabalevsky,"Toccatina Op. 27, No12",train,2026,midi/modern/MOD_054_Dmitry_Kabalevsky_Toccatina_Op_27_No12.midi,audio/modern/MOD_054_Dmitry_Kabalevsky_Toccatina_Op_27_No12.wav,59.91,Modern
Dmitry Kabalevsky,Dalocska-Liedchen,train,2026,midi/modern/MOD_055_Dmitry_Kabalevsky_Dalocska-Liedchen.midi,audio/modern/MOD_055_Dmitry_Kabalevsky_Dalocska-Liedchen.wav,34.51,Modern
Dmitry Kabalevsky,"Etudein A Minor Op. 27, No3",train,2026,midi/modern/MOD_056_Dmitry_Kabalevsky_Etudein_A_Minor_Op_27_No3.midi,audio/modern/MOD_056_Dmitry_Kabalevsky_Etudein_A_Minor_Op_27_No3.wav,42.54,Modern
Dmitry Kabalevsky,Sonatina,train,2026,midi/modern/MOD_057_Dmitry_Kabalevsky_Sonatina.midi,audio/modern/MOD_057_Dmitry_Kabalevsky_Sonatina.wav,104.3,Modern
Aaron Copland,"New (3685)""Appalachian Morning",train,2026,midi/modern/MOD_058_Aaron_Copland_New_3685_Appalachian_Morn.midi,audio/modern/MOD_058_Aaron_Copland_New_3685_Appalachian_Morn.wav,184.88,Modern
Aaron Copland,Danza de Jalisco,validation,2026,midi/modern/MOD_059_Aaron_Copland_Danza_de_Jalisco.midi,audio/modern/MOD_059_Aaron_Copland_Danza_de_Jalisco.wav,220.45,Modern
Aaron Copland,"Sunday Traffic, from Music for Movies",train,2026,midi/modern/MOD_060_Aaron_Copland_Sunday_Traffic_from_Music.midi,audio/modern/MOD_060_Aaron_Copland_Sunday_Traffic_from_Music.wav,150.14,Modern
Aaron Copland,"New (3684)""How Down",validation,2026,midi/modern/MOD_061_Aaron_Copland_New_3684_How_Down.midi,audio/modern/MOD_061_Aaron_Copland_New_3684_How_Down.wav,204.85,Modern
George Gershwin,Foggy day in London Town,train,2026,midi/modern/MOD_062_George_Gershwin_Foggy_day_in_London_Town.midi,audio/modern/MOD_062_George_Gershwin_Foggy_day_in_London_Town.wav,239.63,Modern
George Gershwin,"Fascinating Rhyth"". Transposed from Piano Roll by Terry Smythe.",train,2026,midi/modern/MOD_063_George_Gershwin_Fascinating_Rhyth_Transpo.midi,audio/modern/MOD_063_George_Gershwin_Fascinating_Rhyth_Transpo.wav,182.23,Modern
George Gershwin,"Funny Face"". Transposed from Piano Roll by Terry Smythe.",train,2026,midi/modern/MOD_064_George_Gershwin_Funny_Face_Transposed_fro.midi,audio/modern/MOD_064_George_Gershwin_Funny_Face_Transposed_fro.wav,251.24,Modern
George Gershwin,But Not For Me,train,2026,midi/modern/MOD_065_George_Gershwin_But_Not_For_Me.midi,audio/modern/MOD_065_George_Gershwin_But_Not_For_Me.wav,210.79,Modern
George Gershwin,Bidin' my time,train,2026,midi/modern/MOD_066_George_Gershwin_Bidin_my_time.midi,audio/modern/MOD_066_George_Gershwin_Bidin_my_time.wav,150.51,Modern
George Gershwin,"It ain´t necessarily so, from Porgy and Bess",train,2026,midi/modern/MOD_067_George_Gershwin_It_ain_t_necessarily_so_f.midi,audio/modern/MOD_067_George_Gershwin_It_ain_t_necessarily_so_f.wav,177.26,Modern
George Gershwin,Embraceable You,test,2026,midi/modern/MOD_068_George_Gershwin_Embraceable_You.midi,audio/modern/MOD_068_George_Gershwin_Embraceable_You.wav,147.59,Modern
George Gershwin,Medley from An American in Paris,train,2026,midi/modern/MOD_069_George_Gershwin_Medley_from_An_American_i.midi,audio/modern/MOD_069_George_Gershwin_Medley_from_An_American_i.wav,546.88,Modern
George Gershwin,Prelude 1: Allegro ben ritmato e deciso,train,2026,midi/modern/MOD_070_George_Gershwin_Prelude_1_Allegro_ben_rit.midi,audio/modern/MOD_070_George_Gershwin_Prelude_1_Allegro_ben_rit.wav,80.43,Modern
George Gershwin,Prelude 2: Andante con moto e poco rubato,train,2026,midi/modern/MOD_071_George_Gershwin_Prelude_2_Andante_con_mot.midi,audio/modern/MOD_071_George_Gershwin_Prelude_2_Andante_con_mot.wav,198.11,Modern
George Gershwin,Prelude 3: Allegro ben ritmato e deciso,train,2026,midi/modern/MOD_072_George_Gershwin_Prelude_3_Allegro_ben_rit.midi,audio/modern/MOD_072_George_Gershwin_Prelude_3_Allegro_ben_rit.wav,62.55,Modern
George Gershwin,Swanee,validation,2026,midi/modern/MOD_073_George_Gershwin_Swanee.midi,audio/modern/MOD_073_George_Gershwin_Swanee.wav,135.74,Modern
George Gershwin,"American in Paris, Done in real time",train,2026,midi/modern/MOD_074_George_Gershwin_American_in_Paris_Done_in.midi,audio/modern/MOD_074_George_Gershwin_American_in_Paris_Done_in.wav,261.18,Modern
George Gershwin,Jazz piece,train,2026,midi/modern/MOD_075_George_Gershwin_Jazz_piece.midi,audio/modern/MOD_075_George_Gershwin_Jazz_piece.wav,239.63,Modern
George Gershwin,Porgy and Bess,train,2026,midi/modern/MOD_076_George_Gershwin_Porgy_and_Bess.midi,audio/modern/MOD_076_George_Gershwin_Porgy_and_Bess.wav,1074.34,Modern
George Gershwin,Someone To Watch Over Me,train,2026,midi/modern/MOD_077_George_Gershwin_Someone_To_Watch_Over_Me.midi,audio/modern/MOD_077_George_Gershwin_Someone_To_Watch_Over_Me.wav,130.17,Modern
Heitor Villa-Lobos,"New (3498)""Suite Floral, No.1",train,2026,midi/modern/MOD_078_Heitor_Villa-Lobos_New_3498_Suite_Floral_No_.midi,audio/modern/MOD_078_Heitor_Villa-Lobos_New_3498_Suite_Floral_No_.wav,263.87,Modern
Heitor Villa-Lobos,"New (3497)""Suite Floral, No.2",train,2026,midi/modern/MOD_079_Heitor_Villa-Lobos_New_3497_Suite_Floral_No_.midi,audio/modern/MOD_079_Heitor_Villa-Lobos_New_3497_Suite_Floral_No_.wav,185.29,Modern
Heitor Villa-Lobos,"New (3496)""Suite Floral, No.3",train,2026,midi/modern/MOD_080_Heitor_Villa-Lobos_New_3496_Suite_Floral_No_.midi,audio/modern/MOD_080_Heitor_Villa-Lobos_New_3496_Suite_Floral_No_.wav,223.56,Modern
Heitor Villa-Lobos,Prole do Bebe No.2 Moreninha,train,2026,midi/modern/MOD_081_Heitor_Villa-Lobos_Prole_do_Bebe_No_2_Moreni.midi,audio/modern/MOD_081_Heitor_Villa-Lobos_Prole_do_Bebe_No_2_Moreni.wav,114.15,Modern
Heitor Villa-Lobos,Prole do Bebe No.3 Caboclinha,train,2026,midi/modern/MOD_082_Heitor_Villa-Lobos_Prole_do_Bebe_No_3_Cabocl.midi,audio/modern/MOD_082_Heitor_Villa-Lobos_Prole_do_Bebe_No_3_Cabocl.wav,141.69,Modern
Heitor Villa-Lobos,Prole do Bebe No.4 Moreninha,train,2026,midi/modern/MOD_083_Heitor_Villa-Lobos_Prole_do_Bebe_No_4_Moreni.midi,audio/modern/MOD_083_Heitor_Villa-Lobos_Prole_do_Bebe_No_4_Moreni.wav,119.44,Modern
Heitor Villa-Lobos,Prole do Bebe No.7 Polichinelo,test,2026,midi/modern/MOD_084_Heitor_Villa-Lobos_Prole_do_Bebe_No_7_Polich.midi,audio/modern/MOD_084_Heitor_Villa-Lobos_Prole_do_Bebe_No_7_Polich.wav,94.88,Modern
Heitor Villa-Lobos,"Cai, cai, balao, Cirandinhas No.6",test,2026,midi/modern/MOD_085_Heitor_Villa-Lobos_Cai_cai_balao_Cirandinhas.midi,audio/modern/MOD_085_Heitor_Villa-Lobos_Cai_cai_balao_Cirandinhas.wav,146.75,Modern
Heitor Villa-Lobos,"Zangou-se o cravo com a rosa"" Cirandinhas No.1",train,2026,midi/modern/MOD_086_Heitor_Villa-Lobos_Zangou-se_o_cravo_com_a_r.midi,audio/modern/MOD_086_Heitor_Villa-Lobos_Zangou-se_o_cravo_com_a_r.wav,105.56,Modern
Heitor Villa-Lobos,Carnaval des Criances No.2,validation,2026,midi/modern/MOD_087_Heitor_Villa-Lobos_Carnaval_des_Criances_No_.midi,audio/modern/MOD_087_Heitor_Villa-Lobos_Carnaval_des_Criances_No_.wav,101.01,Modern
Heitor Villa-Lobos,Danca do Indio Branco,train,2026,midi/modern/MOD_088_Heitor_Villa-Lobos_Danca_do_Indio_Branco.midi,audio/modern/MOD_088_Heitor_Villa-Lobos_Danca_do_Indio_Branco.wav,251.43,Modern
Heitor Villa-Lobos,"(4a)""Impressoes Seresteiras",test,2026,midi/modern/MOD_089_Heitor_Villa-Lobos_4a_Impressoes_Seresteiras.midi,audio/modern/MOD_089_Heitor_Villa-Lobos_4a_Impressoes_Seresteiras.wav,377.09,Modern
Heitor Villa-Lobos,"(5a)""Prole de Bebe No.1, No.2, Moreninha",train,2026,midi/modern/MOD_090_Heitor_Villa-Lobos_5a_Prole_de_Bebe_No_1_No_.midi,audio/modern/MOD_090_Heitor_Villa-Lobos_5a_Prole_de_Bebe_No_1_No_.wav,114.15,Modern
Béla Bartók,"Etude, Op.18, No.2"". Real time Sequenced by Mikhail Mordvinov.",train,2026,midi/modern/MOD_091_B_la_Bart_k_Etude_Op_18_No_2_Real_tim.midi,audio/modern/MOD_091_B_la_Bart_k_Etude_Op_18_No_2_Real_tim.wav,197.42,Modern
Béla Bartók,"Etude, Op.18, No.1"". Real time Sequenced by Mikhail Mordvinov.",train,2026,midi/modern/MOD_092_B_la_Bart_k_Etude_Op_18_No_1_Real_tim.midi,audio/modern/MOD_092_B_la_Bart_k_Etude_Op_18_No_1_Real_tim.wav,443.69,Modern
Béla Bartók,"Mikrokosmos Opus.22, No.143, Divided Arpeggios",train,2026,midi/modern/MOD_093_B_la_Bart_k_Mikrokosmos_Opus_22_No_14.midi,audio/modern/MOD_093_B_la_Bart_k_Mikrokosmos_Opus_22_No_14.wav,112.43,Modern
Béla Bartók,"Mikrokosmos Opus.22, No.146, Ostinato",train,2026,midi/modern/MOD_094_B_la_Bart_k_Mikrokosmos_Opus_22_No_14.midi,audio/modern/MOD_094_B_la_Bart_k_Mikrokosmos_Opus_22_No_14.wav,124.09,Modern
Béla Bartók,"Mikrokosmos Opus.22, No.152, Six Dances in Bulgarian Rhythm No.5",train,2026,midi/modern/MOD_095_B_la_Bart_k_Mikrokosmos_Opus_22_No_15.midi,audio/modern/MOD_095_B_la_Bart_k_Mikrokosmos_Opus_22_No_15.wav,84.47,Modern
Béla Bartók,"Ten Easy Piano Pieces, Peasant's Song Mov.1",test,2026,midi/modern/MOD_096_B_la_Bart_k_Ten_Easy_Piano_Pieces_Pea.midi,audio/modern/MOD_096_B_la_Bart_k_Ten_Easy_Piano_Pieces_Pea.wav,55.03,Modern
Béla Bartók,"Ten Easy Piano Pieces, Slovak Peasant's Dance Mov.3",train,2026,midi/modern/MOD_097_B_la_Bart_k_Ten_Easy_Piano_Pieces_Slo.midi,audio/modern/MOD_097_B_la_Bart_k_Ten_Easy_Piano_Pieces_Slo.wav,47.88,Modern
Béla Bartók,"Ten Easy Piano Pieces, Sostenuto Mov.4",train,2026,midi/modern/MOD_098_B_la_Bart_k_Ten_Easy_Piano_Pieces_Sos.midi,audio/modern/MOD_098_B_la_Bart_k_Ten_Easy_Piano_Pieces_Sos.wav,74.54,Modern
Béla Bartók,"Ten Easy Piano Pieces, An Evening at the Village Mov.5",train,2026,midi/modern/MOD_099_B_la_Bart_k_Ten_Easy_Piano_Pieces_An_.midi,audio/modern/MOD_099_B_la_Bart_k_Ten_Easy_Piano_Pieces_An_.wav,125.3,Modern
Béla Bartók,"Ten Easy Piano Pieces, Hungarian Folksong Mov.6",train,2026,midi/modern/MOD_100_B_la_Bart_k_Ten_Easy_Piano_Pieces_Hun.midi,audio/modern/MOD_100_B_la_Bart_k_Ten_Easy_Piano_Pieces_Hun.wav,54.89,Modern
Béla Bartók,"Ten Easy Piano Pieces, Aurora Mov.7",train,2026,midi/modern/MOD_101_B_la_Bart_k_Ten_Easy_Piano_Pieces_Aur.midi,audio/modern/MOD_101_B_la_Bart_k_Ten_Easy_Piano_Pieces_Aur.wav,96.27,Modern
Béla Bartók,"Ten Easy Piano Pieces, Hungarian Folksong Mov.8",train,2026,midi/modern/MOD_102_B_la_Bart_k_Ten_Easy_Piano_Pieces_Hun.midi,audio/modern/MOD_102_B_la_Bart_k_Ten_Easy_Piano_Pieces_Hun.wav,71.84,Modern
Béla Bartók,"Ten Easy Piano Pieces, Finger-Exercise Mov.9",train,2026,midi/modern/MOD_103_B_la_Bart_k_Ten_Easy_Piano_Pieces_Fin.midi,audio/modern/MOD_103_B_la_Bart_k_Ten_Easy_Piano_Pieces_Fin.wav,90.65,Modern
Béla Bartók,"Ten Easy Piano Pieces, Bear Dance Mov.10",train,2026,midi/modern/MOD_104_B_la_Bart_k_Ten_Easy_Piano_Pieces_Bea.midi,audio/modern/MOD_104_B_la_Bart_k_Ten_Easy_Piano_Pieces_Bea.wav,109.78,Modern
Béla Bartók,"(31a)""Children's piece No.2",train,2026,midi/modern/MOD_105_B_la_Bart_k_31a_Children_s_piece_No_2.midi,audio/modern/MOD_105_B_la_Bart_k_31a_Children_s_piece_No_2.wav,36.5,Modern
Béla Bartók,"1310)""Piano Sonata Mov.1",train,2026,midi/modern/MOD_106_B_la_Bart_k_1310_Piano_Sonata_Mov_1.midi,audio/modern/MOD_106_B_la_Bart_k_1310_Piano_Sonata_Mov_1.wav,244.09,Modern
Béla Bartók,Piano Sonata Mov.2,train,2026,midi/modern/MOD_107_B_la_Bart_k_Piano_Sonata_Mov_2.midi,audio/modern/MOD_107_B_la_Bart_k_Piano_Sonata_Mov_2.wav,259.09,Modern
Béla Bartók,Piano Sonata Mov.3,train,2026,midi/modern/MOD_108_B_la_Bart_k_Piano_Sonata_Mov_3.midi,audio/modern/MOD_108_B_la_Bart_k_Piano_Sonata_Mov_3.wav,198.39,Modern
Béla Bartók,"(23a)""Mikrokosmos",train,2026,midi/modern/MOD_109_B_la_Bart_k_23a_Mikrokosmos.midi,audio/modern/MOD_109_B_la_Bart_k_23a_Mikrokosmos.wav,49.78,Modern
Béla Bartók,A Rumanian Dance No.1,train,2026,midi/modern/MOD_110_B_la_Bart_k_A_Rumanian_Dance_No_1.midi,audio/modern/MOD_110_B_la_Bart_k_A_Rumanian_Dance_No_1.wav,287.79,Modern
Francis Poulenc,Mouvements Perpetuels,validation,2026,midi/modern/MOD_111_Francis_Poulenc_Mouvements_Perpetuels.midi,audio/modern/MOD_111_Francis_Poulenc_Mouvements_Perpetuels.wav,335.53,Modern
Francis Poulenc,"Five Impromptus,  No.1, Tres agite",train,2026,midi/modern/MOD_112_Francis_Poulenc_Five_Impromptus_No_1_Tres.midi,audio/modern/MOD_112_Francis_Poulenc_Five_Impromptus_No_1_Tres.wav,45.47,Modern
Francis Poulenc,"Five Impromptus,  No.2, Allegro vivace",test,2026,midi/modern/MOD_113_Francis_Poulenc_Five_Impromptus_No_2_Alle.midi,audio/modern/MOD_113_Francis_Poulenc_Five_Impromptus_No_2_Alle.wav,37.9,Modern
Francis Poulenc,"Five Impromptus,  No.3, Tres modere",train,2026,midi/modern/MOD_114_Francis_Poulenc_Five_Impromptus_No_3_Tres.midi,audio/modern/MOD_114_Francis_Poulenc_Five_Impromptus_No_3_Tres.wav,104.68,Modern
Francis Poulenc,"Five Impromptus,  No.4, Violent",train,2026,midi/modern/MOD_115_Francis_Poulenc_Five_Impromptus_No_4_Viol.midi,audio/modern/MOD_115_Francis_Poulenc_Five_Impromptus_No_4_Viol.wav,51.55,Modern
Francis Poulenc,"Five Impromptus,  No.5, Andante",train,2026,midi/modern/MOD_116_Francis_Poulenc_Five_Impromptus_No_5_Anda.midi,audio/modern/MOD_116_Francis_Poulenc_Five_Impromptus_No_5_Anda.wav,130.22,Modern
Francis Poulenc,"Hymne, 2nd Mov of his Trois Pieces",train,2026,midi/modern/MOD_117_Francis_Poulenc_Hymne_2nd_Mov_of_his_Troi.midi,audio/modern/MOD_117_Francis_Poulenc_Hymne_2nd_Mov_of_his_Troi.wav,204.85,Modern
Francis Poulenc,Pastorale Trois Pičces I,train,2026,midi/modern/MOD_118_Francis_Poulenc_Pastorale_Trois_Pi_ces_I.midi,audio/modern/MOD_118_Francis_Poulenc_Pastorale_Trois_Pi_ces_I.wav,228.25,Modern
Francis Poulenc,"Les Soirées de Nazelles II, Le coeur sur la main",validation,2026,midi/modern/MOD_119_Francis_Poulenc_Les_Soir_es_de_Nazelles_I.midi,audio/modern/MOD_119_Francis_Poulenc_Les_Soir_es_de_Nazelles_I.wav,188.13,Modern
Francis Poulenc,"Trčs modéré, Mouvments Perpétuels II",train,2026,midi/modern/MOD_120_Francis_Poulenc_Tr_s_mod_r_Mouvments_Perp.midi,audio/modern/MOD_120_Francis_Poulenc_Tr_s_mod_r_Mouvments_Perp.wav,114.85,Modern
Francis Poulenc,"Alerte, Mouvments Perpétuels III",train,2026,midi/modern/MOD_121_Francis_Poulenc_Alerte_Mouvments_Perp_tue.midi,audio/modern/MOD_121_Francis_Poulenc_Alerte_Mouvments_Perp_tue.wav,143.08,Modern
Francis Poulenc,"Toccata, Trois Pičces III",train,2026,midi/modern/MOD_122_Francis_Poulenc_Toccata_Trois_Pi_ces_III.midi,audio/modern/MOD_122_Francis_Poulenc_Toccata_Trois_Pi_ces_III.wav,133.42,Modern
Francis Poulenc,"Les Soirées de Nazelles I, Le comble de la distinction",train,2026,midi/modern/MOD_123_Francis_Poulenc_Les_Soir_es_de_Nazelles_I.midi,audio/modern/MOD_123_Francis_Poulenc_Les_Soir_es_de_Nazelles_I.wav,74.4,Modern
Francis Poulenc,Suite Francaise,train,2026,midi/modern/MOD_124_Francis_Poulenc_Suite_Francaise.midi,audio/modern/MOD_124_Francis_Poulenc_Suite_Francaise.wav,676.82,Modern
Francis Poulenc,Caprice en ut majeur (d'apres la Finale du Bal Masque),train,2026,midi/modern/MOD_125_Francis_Poulenc_Caprice_en_ut_majeur_d_ap.midi,audio/modern/MOD_125_Francis_Poulenc_Caprice_en_ut_majeur_d_ap.wav,230.67,Modern
Erik Satie,"New (3193)""Veritables Preludes Flasques, pour un chien",train,2026,midi/modern/MOD_126_Erik_Satie_New_3193_Veritables_Prelu.midi,audio/modern/MOD_126_Erik_Satie_New_3193_Veritables_Prelu.wav,174.06,Modern
Erik Satie,La Diva de l'Empire (1919),test,2026,midi/modern/MOD_127_Erik_Satie_La_Diva_de_l_Empire_1919.midi,audio/modern/MOD_127_Erik_Satie_La_Diva_de_l_Empire_1919.wav,121.07,Modern
Erik Satie,"New (3192)""Allegro, 1884",train,2026,midi/modern/MOD_128_Erik_Satie_New_3192_Allegro_1884.midi,audio/modern/MOD_128_Erik_Satie_New_3192_Allegro_1884.wav,39.06,Modern
Erik Satie,"New (3190)""Modere No.1",train,2026,midi/modern/MOD_129_Erik_Satie_New_3190_Modere_No_1.midi,audio/modern/MOD_129_Erik_Satie_New_3190_Modere_No_1.wav,69.94,Modern
Erik Satie,"Danse de travers No.1,(1897)",train,2026,midi/modern/MOD_130_Erik_Satie_Danse_de_travers_No_1_189.midi,audio/modern/MOD_130_Erik_Satie_Danse_de_travers_No_1_189.wav,145.59,Modern
Erik Satie,"Gnossienne No.5,(1889)",validation,2026,midi/modern/MOD_131_Erik_Satie_Gnossienne_No_5_1889.midi,audio/modern/MOD_131_Erik_Satie_Gnossienne_No_5_1889.wav,211.81,Modern
Erik Satie,Gnossiènne No.1,train,2026,midi/modern/MOD_132_Erik_Satie_Gnossi_nne_No_1.midi,audio/modern/MOD_132_Erik_Satie_Gnossi_nne_No_1.wav,385.22,Modern
Erik Satie,Gnossiènne No.2,train,2026,midi/modern/MOD_133_Erik_Satie_Gnossi_nne_No_2.midi,audio/modern/MOD_133_Erik_Satie_Gnossi_nne_No_2.wav,162.63,Modern
Erik Satie,Gnossiènne No.3,train,2026,midi/modern/MOD_134_Erik_Satie_Gnossi_nne_No_3.midi,audio/modern/MOD_134_Erik_Satie_Gnossi_nne_No_3.wav,291.97,Modern
Erik Satie,Gnossiènne No.4,train,2026,midi/modern/MOD_135_Erik_Satie_Gnossi_nne_No_4.midi,audio/modern/MOD_135_Erik_Satie_Gnossi_nne_No_4.wav,238.93,Modern
Erik Satie,Gnossiènne No.5,train,2026,midi/modern/MOD_136_Erik_Satie_Gnossi_nne_No_5.midi,audio/modern/MOD_136_Erik_Satie_Gnossi_nne_No_5.wav,216.74,Modern
Erik Satie,Gnossiènne No.6,train,2026,midi/modern/MOD_137_Erik_Satie_Gnossi_nne_No_6.midi,audio/modern/MOD_137_Erik_Satie_Gnossi_nne_No_6.wav,85.4,Modern
Erik Satie,My Intro and Ending to Gymnopedie in Real Time,train,2026,midi/modern/MOD_138_Erik_Satie_My_Intro_and_Ending_to_Gy.midi,audio/modern/MOD_138_Erik_Satie_My_Intro_and_Ending_to_Gy.wav,252.96,Modern
Erik Satie,Ogive No.1,train,2026,midi/modern/MOD_139_Erik_Satie_Ogive_No_1.midi,audio/modern/MOD_139_Erik_Satie_Ogive_No_1.wav,90.09,Modern
Erik Satie,Ogive No.2,train,2026,midi/modern/MOD_140_Erik_Satie_Ogive_No_2.midi,audio/modern/MOD_140_Erik_Satie_Ogive_No_2.wav,90.28,Modern
Erik Satie,Ogive No.3,test,2026,midi/modern/MOD_141_Erik_Satie_Ogive_No_3.midi,audio/modern/MOD_141_Erik_Satie_Ogive_No_3.wav,105.14,Modern
Erik Satie,Ogive No.4,validation,2026,midi/modern/MOD_142_Erik_Satie_Ogive_No_4.midi,audio/modern/MOD_142_Erik_Satie_Ogive_No_4.wav,95.2,Modern
Erik Satie,Sarabande No.1,test,2026,midi/modern/MOD_143_Erik_Satie_Sarabande_No_1.midi,audio/modern/MOD_143_Erik_Satie_Sarabande_No_1.wav,279.99,Modern
Erik Satie,Sarabande No.2,train,2026,midi/modern/MOD_144_Erik_Satie_Sarabande_No_2.midi,audio/modern/MOD_144_Erik_Satie_Sarabande_No_2.wav,253.47,Modern
Erik Satie,Sarabande No.3,train,2026,midi/modern/MOD_145_Erik_Satie_Sarabande_No_3.midi,audio/modern/MOD_145_Erik_Satie_Sarabande_No_3.wav,229.41,Modern
Erik Satie,Le Piccadilly (1904),train,2026,midi/modern/MOD_146_Erik_Satie_Le_Piccadilly_1904.midi,audio/modern/MOD_146_Erik_Satie_Le_Piccadilly_1904.wav,99.1,Modern
Erik Satie,Gnossienne No2,train,2026,midi/modern/MOD_147_Erik_Satie_Gnossienne_No2.midi,audio/modern/MOD_147_Erik_Satie_Gnossienne_No2.wav,88.1,Modern
Erik Satie,Gymnopedie No.1,train,2026,midi/modern/MOD_148_Erik_Satie_Gymnopedie_No_1.midi,audio/modern/MOD_148_Erik_Satie_Gymnopedie_No_1.wav,154.83,Modern
Erik Satie,"New (3194)""Kimiga",train,2026,midi/modern/MOD_149_Erik_Satie_New_3194_Kimiga.midi,audio/modern/MOD_149_Erik_Satie_New_3194_Kimiga.wav,359.91,Modern
Erik Satie,Gymnopedie No.2,train,2026,midi/modern/MOD_150_Erik_Satie_Gymnopedie_No_2.midi,audio/modern/MOD_150_Erik_Satie_Gymnopedie_No_2.wav,136.53,Modern
Erik Satie,Gymnopedie No.3,validation,2026,midi/modern/MOD_151_Erik_Satie_Gymnopedie_No_3.midi,audio/modern/MOD_151_Erik_Satie_Gymnopedie_No_3.wav,122.51,Modern
Arnold Schoenberg,"Klavierstück 2, Opus.19",test,2026,midi/modern/MOD_152_Arnold_Schoenberg_Klavierst_ck_2_Opus_19.midi,audio/modern/MOD_152_Arnold_Schoenberg_Klavierst_ck_2_Opus_19.wav,64.92,Modern
Arnold Schoenberg,"Klavierstück 6, Opus.19",train,2026,midi/modern/MOD_153_Arnold_Schoenberg_Klavierst_ck_6_Opus_19.midi,audio/modern/MOD_153_Arnold_Schoenberg_Klavierst_ck_6_Opus_19.wav,58.65,Modern
Dmitri Shostakovich,"Fugue in C Major, Opus 87, No.1",train,2026,midi/modern/MOD_154_Dmitri_Shostakovich_Fugue_in_C_Major_Opus_87_.midi,audio/modern/MOD_154_Dmitri_Shostakovich_Fugue_in_C_Major_Opus_87_.wav,143.92,Modern
Dmitri Shostakovich,"Fugue in A minor, Opus 87, No.2",train,2026,midi/modern/MOD_155_Dmitri_Shostakovich_Fugue_in_A_minor_Opus_87_.midi,audio/modern/MOD_155_Dmitri_Shostakovich_Fugue_in_A_minor_Opus_87_.wav,75.51,Modern
Dmitri Shostakovich,"Fugue in G Major, Opus 87, No.3",train,2026,midi/modern/MOD_156_Dmitri_Shostakovich_Fugue_in_G_Major_Opus_87_.midi,audio/modern/MOD_156_Dmitri_Shostakovich_Fugue_in_G_Major_Opus_87_.wav,98.13,Modern
Dmitri Shostakovich,"Fugue in E minor, Opus 87, No.4",validation,2026,midi/modern/MOD_157_Dmitri_Shostakovich_Fugue_in_E_minor_Opus_87_.midi,audio/modern/MOD_157_Dmitri_Shostakovich_Fugue_in_E_minor_Opus_87_.wav,245.62,Modern
Dmitri Shostakovich,"Prelude & Fugue No. 15 in D Flat Major, Opus 87"". Real time Sequence by Victoria Korchinskaya.",train,2026,midi/modern/MOD_158_Dmitri_Shostakovich_Prelude_Fugue_No_15_in_D_.midi,audio/modern/MOD_158_Dmitri_Shostakovich_Prelude_Fugue_No_15_in_D_.wav,266.94,Modern
Dmitri Shostakovich,"Prelude in E minor, Opus.34 No.4",train,2026,midi/modern/MOD_159_Dmitri_Shostakovich_Prelude_in_E_minor_Opus_3.midi,audio/modern/MOD_159_Dmitri_Shostakovich_Prelude_in_E_minor_Opus_3.wav,108.81,Modern
Dmitri Shostakovich,"Prelude in A Major, Opus.34 No.7",train,2026,midi/modern/MOD_160_Dmitri_Shostakovich_Prelude_in_A_Major_Opus_3.midi,audio/modern/MOD_160_Dmitri_Shostakovich_Prelude_in_A_Major_Opus_3.wav,68.27,Modern
Dmitri Shostakovich,"Prelude in C Sharp minor Opus.34, No.10",validation,2026,midi/modern/MOD_161_Dmitri_Shostakovich_Prelude_in_C_Sharp_minor_.midi,audio/modern/MOD_161_Dmitri_Shostakovich_Prelude_in_C_Sharp_minor_.wav,85.91,Modern
Dmitri Shostakovich,"Prelude in B Flat Major Opus.34, No.21",train,2026,midi/modern/MOD_162_Dmitri_Shostakovich_Prelude_in_B_Flat_Major_O.midi,audio/modern/MOD_162_Dmitri_Shostakovich_Prelude_in_B_Flat_Major_O.wav,45.56,Modern
Dmitri Shostakovich,"Prelude in F Major, Opus.34 No.23",validation,2026,midi/modern/MOD_163_Dmitri_Shostakovich_Prelude_in_F_Major_Opus_3.midi,audio/modern/MOD_163_Dmitri_Shostakovich_Prelude_in_F_Major_Opus_3.wav,101.42,Modern
Dmitri Shostakovich,"Ten short piano pieces, No.1, Recitative",test,2026,midi/modern/MOD_164_Dmitri_Shostakovich_Ten_short_piano_pieces_No.midi,audio/modern/MOD_164_Dmitri_Shostakovich_Ten_short_piano_pieces_No.wav,46.95,Modern
Dmitri Shostakovich,"Ten short piano pieces, No.2, Serenade",train,2026,midi/modern/MOD_165_Dmitri_Shostakovich_Ten_short_piano_pieces_No.midi,audio/modern/MOD_165_Dmitri_Shostakovich_Ten_short_piano_pieces_No.wav,72.08,Modern
Dmitri Shostakovich,"Ten short piano pieces, No.3, Nocturne",train,2026,midi/modern/MOD_166_Dmitri_Shostakovich_Ten_short_piano_pieces_No.midi,audio/modern/MOD_166_Dmitri_Shostakovich_Ten_short_piano_pieces_No.wav,92.42,Modern
Dmitri Shostakovich,"Ten short piano pieces, No.4, Elegy",train,2026,midi/modern/MOD_167_Dmitri_Shostakovich_Ten_short_piano_pieces_No.midi,audio/modern/MOD_167_Dmitri_Shostakovich_Ten_short_piano_pieces_No.wav,56.05,Modern
Dmitri Shostakovich,"Ten short piano pieces, No.5, Funeral March",train,2026,midi/modern/MOD_168_Dmitri_Shostakovich_Ten_short_piano_pieces_No.midi,audio/modern/MOD_168_Dmitri_Shostakovich_Ten_short_piano_pieces_No.wav,79.83,Modern
Dmitri Shostakovich,"Ten short piano pieces, No.6, Etude",test,2026,midi/modern/MOD_169_Dmitri_Shostakovich_Ten_short_piano_pieces_No.midi,audio/modern/MOD_169_Dmitri_Shostakovich_Ten_short_piano_pieces_No.wav,42.45,Modern
Dmitri Shostakovich,"Ten short piano pieces, No.7, Dance of Death",train,2026,midi/modern/MOD_170_Dmitri_Shostakovich_Ten_short_piano_pieces_No.midi,audio/modern/MOD_170_Dmitri_Shostakovich_Ten_short_piano_pieces_No.wav,43.7,Modern
Dmitri Shostakovich,"Ten short piano pieces, No.9, Legend",train,2026,midi/modern/MOD_171_Dmitri_Shostakovich_Ten_short_piano_pieces_No.midi,audio/modern/MOD_171_Dmitri_Shostakovich_Ten_short_piano_pieces_No.wav,126.73,Modern
Dmitri Shostakovich,"Ten short piano pieces, No.10, Lullaby",train,2026,midi/modern/MOD_172_Dmitri_Shostakovich_Ten_short_piano_pieces_No.midi,audio/modern/MOD_172_Dmitri_Shostakovich_Ten_short_piano_pieces_No.wav,157.11,Modern
Dmitri Shostakovich,Melandcolic,train,2026,midi/modern/MOD_173_Dmitri_Shostakovich_Melandcolic.midi,audio/modern/MOD_173_Dmitri_Shostakovich_Melandcolic.wav,150.05,Modern
Alexander Scriabin,"(4403)""Etude in B Major, Opus.8, No.10",train,2026,midi/modern/MOD_174_Alexander_Scriabin_4403_Etude_in_B_Major_Opu.midi,audio/modern/MOD_174_Alexander_Scriabin_4403_Etude_in_B_Major_Opu.wav,102.1,Modern
Alexander Scriabin,"(4402)""Fantasy in B Minor, Opus.28, No.4",validation,2026,midi/modern/MOD_175_Alexander_Scriabin_4402_Fantasy_in_B_Minor_O.midi,audio/modern/MOD_175_Alexander_Scriabin_4402_Fantasy_in_B_Minor_O.wav,478.09,Modern
Alexander Scriabin,Etude Opus.2 No.1,test,2026,midi/modern/MOD_176_Alexander_Scriabin_Etude_Opus_2_No_1.midi,audio/modern/MOD_176_Alexander_Scriabin_Etude_Opus_2_No_1.wav,176.54,Modern
Alexander Scriabin,"Etude Opus.8, No.2"". Sequencer unknown.",train,2026,midi/modern/MOD_177_Alexander_Scriabin_Etude_Opus_8_No_2_Sequenc.midi,audio/modern/MOD_177_Alexander_Scriabin_Etude_Opus_8_No_2_Sequenc.wav,111.16,Modern
Alexander Scriabin,"Etude Opus.8, No.5",train,2026,midi/modern/MOD_178_Alexander_Scriabin_Etude_Opus_8_No_5.midi,audio/modern/MOD_178_Alexander_Scriabin_Etude_Opus_8_No_5.wav,138.93,Modern
Alexander Scriabin,"Etude Opus.8, No.12",train,2026,midi/modern/MOD_179_Alexander_Scriabin_Etude_Opus_8_No_12.midi,audio/modern/MOD_179_Alexander_Scriabin_Etude_Opus_8_No_12.wav,132.54,Modern
Alexander Scriabin,"Prelude Opus.11, No.1"". Sequencer unknown.",test,2026,midi/modern/MOD_180_Alexander_Scriabin_Prelude_Opus_11_No_1_Sequ.midi,audio/modern/MOD_180_Alexander_Scriabin_Prelude_Opus_11_No_1_Sequ.wav,55.63,Modern
Alexander Scriabin,"Prelude Opus.11, No.6"". Sequencer unknown.",train,2026,midi/modern/MOD_181_Alexander_Scriabin_Prelude_Opus_11_No_6_Sequ.midi,audio/modern/MOD_181_Alexander_Scriabin_Prelude_Opus_11_No_6_Sequ.wav,47.79,Modern
Alexander Scriabin,"Prelude ,Opus,11, No.11",train,2026,midi/modern/MOD_182_Alexander_Scriabin_Prelude_Opus_11_No_11.midi,audio/modern/MOD_182_Alexander_Scriabin_Prelude_Opus_11_No_11.wav,66.52,Modern
Alexander Scriabin,"Prelude Opus.11, No.14"". Sequencer unknown.",train,2026,midi/modern/MOD_183_Alexander_Scriabin_Prelude_Opus_11_No_14_Seq.midi,audio/modern/MOD_183_Alexander_Scriabin_Prelude_Opus_11_No_14_Seq.wav,64.69,Modern
Alexander Scriabin,"Prelude Opus.11, No.15"". Sequencer unknown.",train,2026,midi/modern/MOD_184_Alexander_Scriabin_Prelude_Opus_11_No_15_Seq.midi,audio/modern/MOD_184_Alexander_Scriabin_Prelude_Opus_11_No_15_Seq.wav,92.58,Modern
Alexander Scriabin,"Prelude Opus.13, No.2"". Sequencer unknown.",train,2026,midi/modern/MOD_185_Alexander_Scriabin_Prelude_Opus_13_No_2_Sequ.midi,audio/modern/MOD_185_Alexander_Scriabin_Prelude_Opus_13_No_2_Sequ.wav,50.2,Modern
Alexander Scriabin,"Prelude Opus.13, No.3"". Sequencer unknown.",train,2026,midi/modern/MOD_186_Alexander_Scriabin_Prelude_Opus_13_No_3_Sequ.midi,audio/modern/MOD_186_Alexander_Scriabin_Prelude_Opus_13_No_3_Sequ.wav,75.54,Modern
Alexander Scriabin,"Mazurka Opus.24, No.1"". Sequencer unknown.",train,2026,midi/modern/MOD_187_Alexander_Scriabin_Mazurka_Opus_24_No_1_Sequ.midi,audio/modern/MOD_187_Alexander_Scriabin_Mazurka_Opus_24_No_1_Sequ.wav,161.39,Modern
Alexander Scriabin,"Mazurka Opus.24, No.2"". Sequencer unknown.",train,2026,midi/modern/MOD_188_Alexander_Scriabin_Mazurka_Opus_24_No_2_Sequ.midi,audio/modern/MOD_188_Alexander_Scriabin_Mazurka_Opus_24_No_2_Sequ.wav,180.88,Modern
Alexander Scriabin,"Mazurka Opus.24, No.3"". Sequencer unknown.",train,2026,midi/modern/MOD_189_Alexander_Scriabin_Mazurka_Opus_24_No_3_Sequ.midi,audio/modern/MOD_189_Alexander_Scriabin_Mazurka_Opus_24_No_3_Sequ.wav,118.82,Modern
Alexander Scriabin,"Mazurka Opus.24, No.4"". Sequencer unknown.",train,2026,midi/modern/MOD_190_Alexander_Scriabin_Mazurka_Opus_24_No_4_Sequ.midi,audio/modern/MOD_190_Alexander_Scriabin_Mazurka_Opus_24_No_4_Sequ.wav,259.5,Modern
Alexander Scriabin,Mazurka Opus.25,train,2026,midi/modern/MOD_191_Alexander_Scriabin_Mazurka_Opus_25.midi,audio/modern/MOD_191_Alexander_Scriabin_Mazurka_Opus_25.wav,344.0,Modern
Alexander Scriabin,"Mazurka Opus.25, No.3",test,2026,midi/modern/MOD_192_Alexander_Scriabin_Mazurka_Opus_25_No_3.midi,audio/modern/MOD_192_Alexander_Scriabin_Mazurka_Opus_25_No_3.wav,108.94,Modern
Alexander Scriabin,"Mazurka Opus.25, No.9",train,2026,midi/modern/MOD_193_Alexander_Scriabin_Mazurka_Opus_25_No_9.midi,audio/modern/MOD_193_Alexander_Scriabin_Mazurka_Opus_25_No_9.wav,185.53,Modern
Alexander Scriabin,"Mazurka Opus.30, No.4",test,2026,midi/modern/MOD_194_Alexander_Scriabin_Mazurka_Opus_30_No_4.midi,audio/modern/MOD_194_Alexander_Scriabin_Mazurka_Opus_30_No_4.wav,227.96,Modern
Alexander Scriabin,"Mazurka Opus.33, No.2",train,2026,midi/modern/MOD_195_Alexander_Scriabin_Mazurka_Opus_33_No_2.midi,audio/modern/MOD_195_Alexander_Scriabin_Mazurka_Opus_33_No_2.wav,150.61,Modern
Alexander Scriabin,"(3747)""Prelude Opus.33, No.3"". Sequencer unknown.",train,2026,midi/modern/MOD_196_Alexander_Scriabin_3747_Prelude_Opus_33_No_3.midi,audio/modern/MOD_196_Alexander_Scriabin_3747_Prelude_Opus_33_No_3.wav,22.98,Modern
Alexander Scriabin,"Mazurka Opus.33, No4",train,2026,midi/modern/MOD_197_Alexander_Scriabin_Mazurka_Opus_33_No4.midi,audio/modern/MOD_197_Alexander_Scriabin_Mazurka_Opus_33_No4.wav,344.0,Modern
Alexander Scriabin,"(3746)""Prelude Opus.35, No.2"". Sequencer unknown.",train,2026,midi/modern/MOD_198_Alexander_Scriabin_3746_Prelude_Opus_35_No_2.midi,audio/modern/MOD_198_Alexander_Scriabin_3746_Prelude_Opus_35_No_2.wav,187.3,Modern
Alexander Scriabin,Prelude Opus.42 No.5,validation,2026,midi/modern/MOD_199_Alexander_Scriabin_Prelude_Opus_42_No_5.midi,audio/modern/MOD_199_Alexander_Scriabin_Prelude_Opus_42_No_5.wav,165.6,Modern
Alexander Scriabin,Prelude Opus.42 No.4,train,2026,midi/modern/MOD_200_Alexander_Scriabin_Prelude_Opus_42_No_4.midi,audio/modern/MOD_200_Alexander_Scriabin_Prelude_Opus_42_No_4.wav,112.12,Modern
